,Date,vix
0,2015-03-02,25.22186988632655
1,2015-03-03,25.513431068254217
2,2015-03-04,24.77579028513383
3,2015-03-05,23.851692537291154
4,2015-03-06,23.66857193287151
5,2015-03-09,24.16811743987786
6,2015-03-10,23.448085125322333
7,2015-03-11,22.999985755887938
8,2015-03-12,22.408334149483363
9,2015-03-13,22.459454497093645
10,2015-03-16,22.049293431319818
11,2015-03-17,22.41192643343092
12,2015-03-26,26.325504533036597
13,2015-03-27,26.630445982988743
14,2015-03-30,24.6421252055156
15,2015-03-31,27.579207475875055
16,2015-04-01,27.52984357420581
17,2015-04-02,29.22853335317861
18,2015-04-03,28.3714922263682
19,2015-04-07,26.380638064258328
20,2015-04-08,29.299769945953198
21,2015-04-09,32.43387111151685
22,2015-04-10,30.632687302978507
23,2015-04-13,34.35842146404676
24,2015-04-14,36.76210425443041
25,2015-04-15,38.988563911649706
26,2015-04-16,34.8375997051703
27,2015-04-17,39.09145822802189
28,2015-04-20,45.60901239524462
29,2015-04-21,43.87282903502133
30,2015-04-22,40.02563645400239
31,2015-04-23,41.235418332896785
32,2015-04-24,41.66727637721755
33,2015-04-27,40.266012786063136
34,2015-04-28,42.27029233376449
35,2015-04-29,42.13021893959971
36,2015-04-30,42.23266397346262
37,2015-05-04,41.961248412708656
38,2015-05-05,41.337256820645116
39,2015-05-06,41.29280960875613
40,2015-05-07,42.13972227608625
41,2015-05-08,41.67170255854895
42,2015-05-11,41.59158957173503
43,2015-05-12,41.69090827483475
44,2015-05-13,41.458085399425734
45,2015-05-14,40.481090972317304
46,2015-05-15,37.24483418432866
47,2015-05-18,34.01609678335484
48,2015-05-19,34.33001859224337
49,2015-05-28,41.60432190053315
50,2015-05-29,42.63455839913603
51,2015-06-01,42.171320175713184
52,2015-06-02,43.06852403173666
53,2015-06-03,43.32651428137204
54,2015-06-04,41.84938568960776
55,2015-06-05,41.95268321061031
56,2015-06-08,38.432895277815966
57,2015-06-09,42.99048910097617
58,2015-06-10,43.609460687894845
59,2015-06-11,45.13476857802431
60,2015-06-12,45.014035638472414
61,2015-06-15,43.5295074628163
62,2015-06-16,42.477035688135004
63,2015-06-25,43.47848999199746
64,2015-06-26,44.79260673855608
65,2015-06-29,56.8434193011137
66,2015-06-30,56.59604035113664
67,2015-07-01,53.30736709655248
68,2015-07-02,54.957395667343725
69,2015-07-03,52.03805911737338
70,2015-07-06,56.84680049890925
71,2015-07-07,52.03720331754017
72,2015-07-08,48.25647037162582
73,2015-07-09,52.26450754256848
74,2015-07-10,51.22635555786594
75,2015-07-13,50.35330362102389
76,2015-07-14,46.613965159126515
77,2015-07-15,36.06891082399366
78,2015-07-16,33.69638202590419
79,2015-07-17,31.152263929444402
80,2015-07-20,33.79500467381143
81,2015-07-21,35.26954828688807
82,2015-07-22,31.39760210078609
83,2015-07-23,29.538804683324315
84,2015-07-24,29.717812390704403
85,2015-07-27,26.221533900904742
86,2015-07-28,36.389772701087225
87,2015-07-29,38.73384026014629
88,2015-07-30,33.759935156954356
89,2015-07-31,37.12289529410013
90,2015-08-03,37.604189796338865
91,2015-08-04,37.467863736704956
92,2015-08-05,37.44965241059745
93,2015-08-06,38.69241279157018
94,2015-08-07,38.09195484866629
95,2015-08-10,38.03366456150549
96,2015-08-11,37.68949856157955
97,2015-08-12,37.28886326025712
98,2015-08-13,37.05125155515085
99,2015-08-14,37.09691565381916
100,2015-08-17,37.168255705456524
101,2015-08-18,34.17031619597282
102,2015-08-27,57.09106539079648
103,2015-08-28,57.620653407464964
104,2015-08-31,58.75234515883959
105,2015-09-01,59.34389471797127
106,2015-09-02,56.8746759333299
107,2015-09-07,55.582630747817895
108,2015-09-08,44.85065798205929
109,2015-09-09,42.596726637949786
110,2015-09-10,38.794582126596126
111,2015-09-11,37.94108470641483
112,2015-09-14,39.30648880282726
113,2015-09-15,41.459797376230114
114,2015-09-24,36.99105242457198
115,2015-09-25,33.277343179259105
116,2015-09-28,28.88917965858197
117,2015-09-29,27.938169519672208
118,2015-09-30,27.757579129906418
119,2015-10-08,28.40855570543904
120,2015-10-09,26.881913018236624
121,2015-10-12,26.14782255963132
122,2015-10-13,28.926604291517027
123,2015-10-14,28.53979014893883
124,2015-10-15,26.490382277903745
125,2015-10-16,26.295570249523912
126,2015-10-19,27.334860561258605
127,2015-10-20,27.924358544448154
128,2015-10-21,27.67891443500335
129,2015-10-22,27.28275431849764
130,2015-10-23,26.741016106751513
131,2015-10-26,29.48326647959511
132,2015-10-27,28.039204230260406
133,2015-10-28,28.707798712398347
134,2015-10-29,28.824514473933547
135,2015-10-30,26.209818621193335
136,2015-11-02,27.115339217129346
137,2015-11-03,27.260682039233657
138,2015-11-04,27.028980776681514
139,2015-11-05,29.499603232309585
140,2015-11-06,29.808211952034036
141,2015-11-09,39.3890400514409
142,2015-11-10,40.54937165440764
143,2015-11-11,37.170530921440836
144,2015-11-12,36.193345737439586
145,2015-11-13,35.25131182101515
146,2015-11-16,35.96436613733883
147,2015-11-17,35.32157797444324
148,2015-11-26,27.205741595172086
149,2015-11-27,31.461390937603934
150,2015-11-30,31.70022464141319
151,2015-12-01,31.042409669652187
152,2015-12-02,29.455476286928477
153,2015-12-03,29.819528459264394
154,2015-12-04,29.589277934080567
155,2015-12-07,28.74262432168725
156,2015-12-08,28.449560517873344
157,2015-12-09,28.160822444671275
158,2015-12-10,27.884751563369587
159,2015-12-11,27.88291603732061
160,2015-12-14,28.003152670001146
161,2015-12-15,27.514899908817263
162,2015-12-24,25.968492496520923
163,2015-12-25,24.533644709043458
164,2015-12-28,25.139694385431937
165,2015-12-29,24.46986889869458
166,2015-12-30,24.644381724135375
167,2015-12-31,25.17737359968072
168,2016-01-04,26.19289906209248
169,2016-01-05,29.067587171529347
170,2016-01-06,28.45694663133512
171,2016-01-07,23.643895728287212
172,2016-01-08,32.0121463557188
173,2016-01-11,29.86676719900886
174,2016-01-12,32.42320815356354
175,2016-01-13,31.180908592877156
176,2016-01-14,34.28196770097329
177,2016-01-15,31.606295302820886
178,2016-01-18,33.77078602789834
179,2016-01-19,33.85599312366728
180,2016-01-20,31.861689458909236
181,2016-01-21,29.817843430818492
182,2016-01-22,30.63508856675729
183,2016-01-25,31.2204115545736
184,2016-01-26,27.027726965342048
185,2016-01-27,34.95729892219232
186,2016-01-28,33.86661270072347
187,2016-01-29,35.19322312248967
188,2016-02-01,32.88067880505499
189,2016-02-02,31.79938777737793
190,2016-02-03,31.469792654879097
191,2016-02-04,31.179890546114148
192,2016-02-05,31.981994593020357
193,2016-02-15,34.008163069056735
194,2016-02-16,33.31188532620943
195,2016-02-25,29.24947637693269
196,2016-02-26,29.08741338108671
197,2016-02-29,28.996596006116466
198,2016-03-01,28.120947597562296
199,2016-03-02,29.36208099336471
200,2016-03-03,29.877076802451658
201,2016-03-04,29.703862242955275
202,2016-03-07,30.733180004281387
203,2016-03-08,30.339588931981844
204,2016-03-09,30.30647745639043
205,2016-03-10,30.39641708899908
206,2016-03-11,30.3448080074869
207,2016-03-14,29.967842556919177
208,2016-03-15,29.50705525928818
209,2016-03-24,31.660808638088678
210,2016-03-25,28.986635059794448
211,2016-03-28,27.96242697546733
212,2016-03-29,28.088302719919874
213,2016-03-30,27.45110343697663
214,2016-03-31,27.78922751211669
215,2016-04-01,27.296846519792528
216,2016-04-05,26.849707475617762
217,2016-04-06,26.824816030066984
218,2016-04-07,25.63310204953059
219,2016-04-08,24.53701050742956
220,2016-04-11,24.227027601091397
221,2016-04-12,23.50188610385767
222,2016-04-13,23.369484845320578
223,2016-04-14,22.824850037478985
224,2016-04-15,22.851304714517408
225,2016-04-18,23.05734455683743
226,2016-04-19,22.393424750266806
227,2016-04-20,21.11132593521331
228,2016-04-21,21.215059893902556
229,2016-04-22,20.926789695424052
230,2016-04-25,22.077090111498894
231,2016-04-26,22.466558189939402
232,2016-04-27,22.437122230980574
233,2016-04-28,21.434318372122796
234,2016-04-29,20.63584908456251
235,2016-05-03,20.58782512413286
236,2016-05-04,20.045863325077093
237,2016-05-05,19.73906604786447
238,2016-05-06,20.450109646923238
239,2016-05-09,23.116335436843585
240,2016-05-10,21.975858620871243
241,2016-05-11,20.610916370132713
242,2016-05-12,20.68311661391486
243,2016-05-13,20.02384461493013
244,2016-05-16,19.742184897588995
245,2016-05-17,19.296636686389096
246,2016-05-26,16.054345671145583
247,2016-05-27,15.509336759197211
248,2016-05-30,15.839867457774778
249,2016-05-31,18.25626194213685
250,2016-06-01,18.155936364370607
251,2016-06-02,17.89078090646383
252,2016-06-03,17.991735419699108
253,2016-06-06,18.143722390867907
254,2016-06-07,17.96839058003542
255,2016-06-08,18.249739514355173
256,2016-06-13,19.505376235817213
257,2016-06-14,18.976757422510055
258,2016-06-23,18.01699556480708
259,2016-06-24,18.196728508248313
260,2016-06-27,17.476126884146055
261,2016-06-28,16.6440205521499
262,2016-06-29,16.113994412216957
263,2016-06-30,15.727495368774333
264,2016-07-01,15.444900762091834
265,2016-07-04,15.345413793919729
266,2016-07-05,15.861898610620823
267,2016-07-06,15.837597124431982
268,2016-07-07,16.469273742428058
269,2016-07-08,16.446462961405718
270,2016-07-11,16.226023761559873
271,2016-07-12,15.892335485686756
272,2016-07-13,17.00581313980162
273,2016-07-14,16.768029769718453
274,2016-07-15,16.88410257765487
275,2016-07-18,17.60199451207601
276,2016-07-19,17.54482329553873
277,2016-07-20,17.191465663681978
278,2016-07-21,17.40499272817417
279,2016-07-22,17.159300974124218
280,2016-07-25,17.112234003327814
281,2016-07-26,16.583123130834863
282,2016-07-27,17.280291236854268
283,2016-07-28,16.158098721565484
284,2016-07-29,16.045427349481553
285,2016-08-01,16.10733912814944
286,2016-08-02,15.612574893080225
287,2016-08-03,15.218481760653448
288,2016-08-04,14.855918502832392
289,2016-08-05,14.589990623459476
290,2016-08-08,14.492623845374089
291,2016-08-09,14.057394352035429
292,2016-08-10,14.094177637038992
293,2016-08-11,14.225614654677972
294,2016-08-12,14.249835420219409
295,2016-08-15,16.433571916310257
296,2016-08-16,16.633769983225186
297,2016-08-25,17.86929963734572
298,2016-08-26,17.487699603186016
299,2016-08-29,17.515876389379446
300,2016-08-30,17.431505829384538
301,2016-08-31,17.72056389766742
302,2016-09-01,17.715088222806887
303,2016-09-02,17.67548940547593
304,2016-09-05,17.56594367771228
305,2016-09-06,17.365090385688866
306,2016-09-07,17.394453957863877
307,2016-09-08,16.961355476865254
308,2016-09-09,15.92366155066782
309,2016-09-12,16.143972646486922
310,2016-09-13,14.936322355440367
311,2016-09-14,14.923022072964878
312,2016-09-19,14.767672391178085
313,2016-09-20,14.37284048729003
314,2016-09-29,12.560748603684626
315,2016-09-30,13.6396061038162
316,2016-10-10,14.10397790372547
317,2016-10-11,13.45402566928186
318,2016-10-12,13.45919167848913
319,2016-10-13,13.167287090903171
320,2016-10-14,12.594616596530964
321,2016-10-17,12.380571271463877
322,2016-10-18,12.466573651144106
323,2016-10-19,12.753129421133579
324,2016-10-20,12.318211217893097
325,2016-10-21,12.38321541301786
326,2016-10-24,13.252007689664696
327,2016-10-25,13.526668011541885
328,2016-10-26,13.797555491612432
329,2016-10-27,13.47829116785867
330,2016-10-28,13.589955581280169
331,2016-10-31,13.630577104738054
332,2016-11-01,13.807873111782001
333,2016-11-02,14.213383402363137
334,2016-11-03,15.07232214762687
335,2016-11-04,15.174551282049562
336,2016-11-07,16.30329528003951
337,2016-11-08,16.04330398634155
338,2016-11-09,15.640740115779773
339,2016-11-10,14.206166438763098
340,2016-11-11,13.843504034437565
341,2016-11-14,14.456580360810314
342,2016-11-15,14.428426333212984
343,2016-11-24,14.102967789027318
344,2016-11-25,13.825448811568549
345,2016-11-28,15.64034557834445
346,2016-11-29,14.896634208581922
347,2016-11-30,16.41175854265593
348,2016-12-01,15.840095306104812
349,2016-12-02,16.197377824471687
350,2016-12-05,16.336432193029882
351,2016-12-06,15.532001852429305
352,2016-12-07,15.011851517369365
353,2016-12-08,14.00745251930109
354,2016-12-09,14.471523779732781
355,2016-12-12,15.266004770398075
356,2016-12-13,15.24581864212022
357,2016-12-14,15.620827417433947
358,2016-12-15,16.57409718303708
359,2016-12-16,16.479674562796724
360,2016-12-19,16.597900119944065
361,2016-12-20,17.7869463961843
362,2016-12-29,16.96962839013196
363,2016-12-30,16.873198286933974
364,2017-01-03,15.870853160875814
365,2017-01-04,14.762963128595816
366,2017-01-05,14.738859706410004
367,2017-01-06,14.486960668850562
368,2017-01-09,14.147626553212358
369,2017-01-10,13.842622116040362
370,2017-01-11,13.782948908248402
371,2017-01-12,13.581236759591873
372,2017-01-13,13.301264926328745
373,2017-01-16,13.338092162154277
374,2017-01-17,12.328036022135349
375,2017-01-18,11.307666688901904
376,2017-01-19,11.513156487685059
377,2017-01-20,11.168150912157882
378,2017-01-23,11.66999461213822
379,2017-01-24,11.642960840428357
380,2017-01-25,11.443800071026399
381,2017-01-26,11.329007874299485
382,2017-02-03,12.445765723652348
383,2017-02-06,12.531180886872573
384,2017-02-07,11.934379448238195
385,2017-02-08,12.791837343505073
386,2017-02-09,12.626534967802419
387,2017-02-10,12.457966111310618
388,2017-02-13,12.075959812713302
389,2017-02-14,11.378629861715629
390,2017-02-23,11.05591293139058
391,2017-02-24,11.221176719003296
392,2017-02-27,12.000330162259203
393,2017-02-28,11.945854476398662
394,2017-03-01,11.723108103663783
395,2017-03-02,12.042272586545216
396,2017-03-03,11.24076941593159
397,2017-03-06,11.704328331352674
398,2017-03-07,11.614541148065383
399,2017-03-08,10.816507000488164
400,2017-03-09,10.470950456145328
401,2017-03-10,10.209409877997624
402,2017-03-13,10.646025614454855
403,2017-03-14,10.730606020266773
404,2017-03-23,9.503654715842718
405,2017-03-24,9.553523998340774
406,2017-03-27,10.264139167389583
407,2017-03-28,10.35785585967894
408,2017-03-29,10.0458493777363
409,2017-03-30,9.916709740755032
410,2017-03-31,9.661370144344088
411,2017-04-05,10.08295015659617
412,2017-04-06,10.102310622154526
413,2017-04-07,10.064631136282882
414,2017-04-10,10.133615148447413
415,2017-04-11,9.989270890928136
416,2017-04-12,9.999008647281219
417,2017-04-13,9.994304400190506
418,2017-04-14,10.427957925314683
419,2017-04-17,10.257458216220895
420,2017-04-18,10.267361610184121
421,2017-04-19,10.466767826202984
422,2017-04-20,10.211062300006049
423,2017-04-21,9.728741397473312
424,2017-04-24,10.083671477754937
425,2017-04-25,9.675309388497784
426,2017-04-26,9.300361211780164
427,2017-04-27,9.106758174071247
428,2017-04-28,9.137685113215241
429,2017-05-02,9.104179418234876
430,2017-05-03,9.072669806767871
431,2017-05-04,9.01163334190521
432,2017-05-05,9.305828123627395
433,2017-05-08,9.265895893938463
434,2017-05-09,8.849910960326632
435,2017-05-10,8.376129664879299
436,2017-05-11,8.319897955211013
437,2017-05-12,8.740548926143878
438,2017-05-15,8.873216967195207
439,2017-05-16,8.674534957355199
440,2017-05-25,12.84471259461459
441,2017-05-26,10.944963058256771
442,2017-05-31,12.029908934009216
443,2017-06-01,12.127376139735702
444,2017-06-02,12.63511412923129
445,2017-06-05,11.84748363924775
446,2017-06-06,12.397648295474413
447,2017-06-07,13.534822596603258
448,2017-06-08,14.191128207498465
449,2017-06-09,14.962899843153416
450,2017-06-12,15.406758037876278
451,2017-06-13,15.049116476431074
452,2017-06-14,14.268744188806744
453,2017-06-15,13.778502744595464
454,2017-06-16,13.213047569320382
455,2017-06-19,13.725271267551808
456,2017-06-20,13.89316642772165
457,2017-06-29,14.480341781376687
458,2017-06-30,14.415311774769823
459,2017-07-03,13.948792424025832
460,2017-07-04,13.12986246381271
461,2017-07-05,14.242606844598669
462,2017-07-06,13.833469881874045
463,2017-07-07,13.885809948525477
464,2017-07-10,13.908193226686336
465,2017-07-11,13.738267851039243
466,2017-07-12,14.785139226244265
467,2017-07-13,14.79515009650082
468,2017-07-14,15.777893144720418
469,2017-07-17,17.358559920665385
470,2017-07-18,16.934134144407658
471,2017-07-19,15.943564298782933
472,2017-07-20,17.283679939905657
473,2017-07-21,16.141739823848937
474,2017-07-24,15.721617653776807
475,2017-07-25,15.395576991047665
476,2017-07-26,15.953768170925034
477,2017-07-27,15.892974251354444
478,2017-07-28,15.57913985202973
479,2017-07-31,15.762667737315326
480,2017-08-01,15.075243562992316
481,2017-08-02,14.840114632424212
482,2017-08-03,15.280495283460862
483,2017-08-04,14.956804836844753
484,2017-08-07,15.380783466880379
485,2017-08-08,15.019167484930335
486,2017-08-09,14.264780074115013
487,2017-08-10,13.698105266928117
488,2017-08-11,14.614694789726931
489,2017-08-14,14.270366333169354
490,2017-08-15,14.013315470260428
491,2017-08-24,13.179889059288499
492,2017-08-25,14.323477604434206
493,2017-08-28,14.337007998672458
494,2017-08-29,14.95141787035322
495,2017-08-30,14.67863604139179
496,2017-08-31,14.605694399621182
497,2017-09-01,14.518616712491239
498,2017-09-04,15.022205016116938
499,2017-09-05,15.012247239732465
500,2017-09-06,15.239526180841995
501,2017-09-07,14.718119997398595
502,2017-09-08,14.471351225043627
503,2017-09-11,15.121072045754424
504,2017-09-12,15.188168482437254
505,2017-09-13,15.316580857973491
506,2017-09-14,14.077190545962937
507,2017-09-15,13.627915432976941
508,2017-09-18,13.716291941595927
509,2017-09-19,12.956847256968581
510,2017-09-28,10.541622518392888
511,2017-09-29,10.94782669844268
512,2017-10-09,11.601402671314514
513,2017-10-10,11.652461975932026
514,2017-10-11,11.068009645537822
515,2017-10-12,10.691087153208196
516,2017-10-13,10.674830569823888
517,2017-10-16,10.561772991189876
518,2017-10-17,10.659805894610322
519,2017-10-18,9.653464971904057
520,2017-10-19,10.101155445675921
521,2017-10-20,10.252261094907222
522,2017-10-23,10.335316311897184
523,2017-10-24,11.593332981279792
524,2017-10-25,11.362601027225477
525,2017-10-26,11.169598503633786
526,2017-10-27,10.726244523721618
527,2017-10-30,11.602327916588662
528,2017-10-31,10.95100389359837
529,2017-11-01,10.641789145128683
530,2017-11-02,10.57926220592091
531,2017-11-03,10.419154852345248
532,2017-11-06,10.693390979968616
533,2017-11-07,10.420332011359381
534,2017-11-08,10.763767645586677
535,2017-11-09,10.872875788982665
536,2017-11-10,11.44096439427375
537,2017-11-13,11.53418154871067
538,2017-11-14,12.230981599382746
539,2017-11-23,16.79433601644187
540,2017-11-24,17.340898998848203
541,2017-11-27,18.05601174256921
542,2017-11-28,17.76490045123661
543,2017-11-29,18.284565515931337
544,2017-11-30,19.060575809047943
545,2017-12-01,20.17997480108525
546,2017-12-04,17.926701500422368
547,2017-12-05,17.246111530113406
548,2017-12-06,17.698991213068517
549,2017-12-07,16.62901815264475
550,2017-12-08,16.20054193159413
551,2017-12-11,16.175930385558107
552,2017-12-12,16.20968250426203
553,2017-12-13,15.9642653999588
554,2017-12-14,15.863523425072442
555,2017-12-15,15.323365798627739
556,2017-12-18,16.0159349603507
557,2017-12-19,15.797162096524467
558,2017-12-28,15.947880410980858
559,2017-12-29,14.542723698002508
560,2018-01-02,14.869299901771246
561,2018-01-03,14.525044477004482
562,2018-01-04,14.32289537533093
563,2018-01-05,14.070197180393315
564,2018-01-08,14.74366642608639
565,2018-01-09,13.997391130588655
566,2018-01-10,14.214744539496321
567,2018-01-11,14.562013312176859
568,2018-01-12,14.28389790596731
569,2018-01-15,15.532949700601021
570,2018-01-16,16.08145129170058
571,2018-01-17,15.484291240896333
572,2018-01-18,18.516794058399384
573,2018-01-19,18.6134297496473
574,2018-01-22,18.697684195514494
575,2018-01-23,19.442940177020766
576,2018-01-24,21.244641007455613
577,2018-01-25,18.525292844393242
578,2018-01-26,16.931076665205584
579,2018-01-29,18.505805661665505
580,2018-01-30,16.109185991840004
581,2018-01-31,17.174068210668484
582,2018-02-01,16.789177432519413
583,2018-02-02,17.048450658212563
584,2018-02-05,18.580235102215806
585,2018-02-06,22.288745348993725
586,2018-02-07,24.280262839346545
587,2018-02-08,25.929435440442578
588,2018-02-09,34.8627996175781
589,2018-02-12,29.397077021802147
590,2018-02-13,28.465341856398645
591,2018-02-14,28.102490058661484
592,2018-03-01,23.930051414231272
593,2018-03-02,23.756715613079038
594,2018-03-05,22.335260763817544
595,2018-03-06,21.075007599096494
596,2018-03-07,22.00912080366125
597,2018-03-08,21.086250894482657
598,2018-03-09,20.533660081581463
599,2018-03-12,21.422393062714143
600,2018-03-13,21.850032857983848
601,2018-03-14,21.084927123683475
602,2018-03-15,20.524239903682673
603,2018-03-16,20.86391131732036
604,2018-03-19,21.045285905080675
605,2018-03-20,20.91060920429654
606,2018-03-29,25.083411221571573
607,2018-03-30,25.03248817758699
608,2018-04-02,24.80193575804676
609,2018-04-03,24.7136368841589
610,2018-04-04,24.45883840744772
611,2018-04-09,24.99040725523117
612,2018-04-10,23.46237489583324
613,2018-04-11,23.956746414715536
614,2018-04-12,24.385824176875847
615,2018-04-13,24.66905907477688
616,2018-04-16,25.548774543715446
617,2018-04-17,25.651934738876353
618,2018-04-18,25.170173250677713
619,2018-04-19,23.550949907490338
620,2018-04-20,22.74963799374527
621,2018-04-23,22.860074176533377
622,2018-04-24,23.10799232571643
623,2018-04-25,22.79200568364427
624,2018-04-26,22.959722461038332
625,2018-04-27,23.76825938821018
626,2018-05-02,25.434922736146792
627,2018-05-03,25.632239025717325
628,2018-05-04,25.953226435245853
629,2018-05-07,25.64909313665592
630,2018-05-08,24.60236399695371
631,2018-05-09,24.071719246620997
632,2018-05-10,22.68365627306035
633,2018-05-11,22.255398477891635
634,2018-05-14,20.891521693559344
635,2018-05-15,19.9301213479065
636,2018-05-24,18.241515897602167
637,2018-05-25,18.122963266882035
638,2018-05-28,18.14294633615548
639,2018-05-29,18.586170762684535
640,2018-05-30,21.5225395063705
641,2018-05-31,20.312033343747157
642,2018-06-04,19.394921179744934
643,2018-06-05,19.15426779444743
644,2018-06-06,18.7710877603256
645,2018-06-07,18.17073131592176
646,2018-06-08,19.452278023101794
647,2018-06-11,20.134170365026915
648,2018-06-12,19.036466417240803
649,2018-06-13,19.38764577500257
650,2018-06-14,19.792255653339687
651,2018-06-15,20.24581768437648
652,2018-06-19,23.948466405217307
653,2018-06-28,23.568345372580648
654,2018-06-29,21.838908875735584
655,2018-07-02,25.5558621943837
656,2018-07-03,26.34115141615138
657,2018-07-04,26.946736117607855
658,2018-07-05,27.26913012329967
659,2018-07-06,26.236159804652466
660,2018-07-09,23.627513009665037
661,2018-07-10,23.540128207162503
662,2018-07-11,25.61264992809394
663,2018-07-12,24.065511017073554
664,2018-07-13,23.84346187575544
665,2018-07-16,23.674876509864472
666,2018-07-17,23.22319514411149
667,2018-07-18,22.372810896074142
668,2018-07-19,21.48329660204905
669,2018-07-20,21.25565121128973
670,2018-07-23,22.510954123498166
671,2018-07-24,23.781331605655826
672,2018-07-25,24.019464129273764
673,2018-07-26,23.191920146082435
674,2018-07-27,22.136479171516076
675,2018-07-30,22.50925776780481
676,2018-07-31,22.418397855329584
677,2018-08-01,24.183167530801562
678,2018-08-02,25.172706405397545
679,2018-08-03,25.254963894255262
680,2018-08-06,26.059504632834667
681,2018-08-07,25.567808134754838
682,2018-08-08,25.80367161120333
683,2018-08-09,25.726285013600826
684,2018-08-10,24.955181832698347
685,2018-08-13,25.697391108343382
686,2018-08-14,25.576479271438618
687,2018-08-23,23.120219059458083
688,2018-08-24,22.759409382903407
689,2018-08-27,22.3604855277557
690,2018-08-28,22.42140844388489
691,2018-08-29,22.776724616681513
692,2018-08-30,22.964905917823035
693,2018-08-31,22.75142297789055
694,2018-09-03,23.308739732538132
695,2018-09-04,22.517081900646787
696,2018-09-05,23.74461276702086
697,2018-09-06,24.006244645745888
698,2018-09-07,23.886142126680046
699,2018-09-10,24.763405583222752
700,2018-09-11,24.29199550837976
701,2018-09-12,24.219976202677092
702,2018-09-13,23.41889567459686
703,2018-09-14,21.941026224587905
704,2018-09-17,21.282021259881585
705,2018-09-18,20.679949658785425
706,2018-09-27,20.851784389175315
707,2018-09-28,21.1846368885463
708,2018-10-08,23.325358050852884
709,2018-10-09,23.429265932049844
710,2018-10-10,23.401379143624144
711,2018-10-11,25.792171307256144
712,2018-10-12,26.188870457656854
713,2018-10-15,27.22937347284474
714,2018-10-16,26.81293737106581
715,2018-10-17,26.940947523924503
716,2018-10-18,28.726587321041652
717,2018-10-19,27.24237306179631
718,2018-10-22,27.053131987574076
719,2018-10-23,28.536372133665715
720,2018-10-24,28.48067769842096
721,2018-10-25,29.57022163414052
722,2018-10-26,30.50869681243996
723,2018-10-29,31.992720463424046
724,2018-10-30,32.10432810041798
725,2018-10-31,31.396128570076385
726,2018-11-01,30.33926061679482
727,2018-11-02,28.769828116521413
728,2018-11-05,30.553340366773895
729,2018-11-06,31.29354019410171
730,2018-11-07,31.327414919077356
731,2018-11-08,30.815784813205198
732,2018-11-09,31.13135484277374
733,2018-11-12,31.814392316779056
734,2018-11-13,31.029545799713855
735,2018-11-14,30.51195746821726
736,2018-11-15,29.80217641389099
737,2018-11-16,29.1186295523067
738,2018-11-19,28.506121695122033
739,2018-11-20,27.677404107957166
740,2018-11-29,24.11513556249136
741,2018-12-03,22.705914882858416
742,2018-12-04,20.978305557873934
743,2018-12-05,21.026944294807514
744,2018-12-06,20.976268125003916
745,2018-12-07,19.653693851905835
746,2018-12-10,20.457806977263168
747,2018-12-11,20.319495441062443
748,2018-12-12,19.945378949502928
749,2018-12-13,19.50247228572547
750,2018-12-14,19.224369799269596
751,2018-12-17,20.162420262510373
752,2018-12-18,20.841301734311532
753,2018-12-27,22.969231453476755
754,2018-12-28,22.72289515232857
755,2019-01-02,22.497990993903677
756,2019-01-03,22.188307859054525
757,2019-01-04,21.46718882023385
758,2019-01-07,21.88936444483844
759,2019-01-08,20.917154012633418
760,2019-01-09,19.152287463718125
761,2019-01-10,18.940886626604293
762,2019-01-11,18.316337329792105
763,2019-01-14,18.734743475741972
764,2019-01-15,17.90645492687802
765,2019-01-16,15.299792840835567
766,2019-01-17,16.239036076941716
767,2019-01-18,16.579748537941878
768,2019-01-21,18.90824403367592
769,2019-01-22,16.764841613144327
770,2019-01-23,16.586453194943008
771,2019-01-24,14.979503252480253
772,2019-01-25,15.009873754415482
773,2019-01-28,16.786436145615014
774,2019-01-29,18.134673814221497
775,2019-01-30,18.755935160667914
776,2019-01-31,18.563261977923112
777,2019-02-01,18.97895227809066
778,2019-02-11,19.37203395674678
779,2019-02-12,18.948131748337484
780,2019-02-13,20.30523390718406
781,2019-02-14,21.459941668916315
782,2019-02-15,20.834895738983132
783,2019-02-18,21.82944978933909
784,2019-02-19,22.89603581156178
785,2019-02-28,28.626466926411677
786,2019-03-01,27.495301263768727
787,2019-03-04,29.797721692157346
788,2019-03-05,30.619582599727302
789,2019-03-06,31.614876458164886
790,2019-03-07,32.841659979059095
791,2019-03-08,33.130341706207105
792,2019-03-11,30.36688868204659
793,2019-03-12,30.387069972373254
794,2019-03-13,30.320088507668856
795,2019-03-14,29.13263328271568
796,2019-03-15,27.38694965934539
797,2019-03-18,28.2172805060743
798,2019-03-19,28.90293115397299
799,2019-03-28,23.591928764519167
800,2019-03-29,24.616978071045356
801,2019-04-01,26.575675982732573
802,2019-04-02,28.977937222843213
803,2019-04-03,28.433225978805854
804,2019-04-04,30.160448521803417
805,2019-04-08,32.23713065367157
806,2019-04-09,30.405393615041998
807,2019-04-10,30.603568237073652
808,2019-04-11,30.515899313923228
809,2019-04-12,27.943699271208146
810,2019-04-15,28.030661731803587
811,2019-04-16,27.84844510740521
812,2019-04-17,29.044617015473705
813,2019-04-18,28.89411596792738
814,2019-04-19,28.40315958929886
815,2019-04-22,29.67320100320817
816,2019-04-23,27.77526738699066
817,2019-04-24,27.224166550292
818,2019-04-25,26.938846715974602
819,2019-04-26,26.15962265746911
820,2019-04-29,25.62201617687167
821,2019-04-30,25.810330087078455
822,2019-05-06,29.542626005425195
823,2019-05-07,26.494248911460964
824,2019-05-08,27.437945552961416
825,2019-05-09,29.181306153705787
826,2019-05-10,29.14162314651545
827,2019-05-13,27.936674648986255
828,2019-05-14,26.999027960328014
829,2019-05-23,22.569352197736922
830,2019-05-24,22.77951213386597
831,2019-05-27,23.477675795787327
832,2019-05-28,22.342339407621633
833,2019-05-29,21.697282914157316
834,2019-05-30,21.577840149721332
835,2019-05-31,22.27265298039167
836,2019-06-03,22.648538794576247
837,2019-06-04,23.24800675200628
838,2019-06-05,22.886823970970106
839,2019-06-06,22.917116286571584
840,2019-06-10,21.698729762271157
841,2019-06-11,20.731799435753544
842,2019-06-12,21.17414697033092
843,2019-06-13,20.631422408351565
844,2019-06-14,20.61075560624892
845,2019-06-17,20.64947051422094
846,2019-06-18,19.93974540582224
847,2019-06-27,26.50860925375604
848,2019-06-28,27.51758900647249
849,2019-07-01,25.196277062694243
850,2019-07-02,24.675458102876885
851,2019-07-03,23.68961926436933
852,2019-07-04,23.224123833964747
853,2019-07-05,23.954910272657013
854,2019-07-08,23.104049273343
855,2019-07-09,22.088852735829
856,2019-07-10,22.123768060633925
857,2019-07-11,22.45120782189064
858,2019-07-12,22.36224034999905
859,2019-07-15,22.517804959658125
860,2019-07-16,22.78860584093147
861,2019-07-17,20.408764213187254
862,2019-07-18,20.377364859608242
863,2019-07-19,22.12430476644731
864,2019-07-22,20.98806055673575
865,2019-07-23,20.011526034860996
866,2019-07-24,19.253012678197877
867,2019-07-25,18.288823215018954
868,2019-07-26,18.64738022540665
869,2019-07-29,19.6013319738391
870,2019-07-30,19.780583775135966
871,2019-07-31,20.195726572741417
872,2019-08-01,18.127919600819396
873,2019-08-02,18.692869998120578
874,2019-08-05,20.59862282982957
875,2019-08-06,22.214490582733777
876,2019-08-07,21.421190095971543
877,2019-08-08,20.928921899204532
878,2019-08-09,20.31697973925069
879,2019-08-12,20.73453338116602
880,2019-08-13,20.643873044926103
881,2019-08-14,19.96651354562003
882,2019-08-15,20.59939631552103
883,2019-08-16,20.52075566568019
884,2019-08-19,21.1536313058027
885,2019-08-20,20.999537186993464
886,2019-08-29,19.224005859564215
887,2019-08-30,19.324946936228017
888,2019-09-02,18.58856137698615
889,2019-09-03,18.586705850227258
890,2019-09-04,18.055660147275944
891,2019-09-05,18.88575630418107
892,2019-09-06,19.465923128585654
893,2019-09-09,20.488657103080914
894,2019-09-10,20.033961170829787
895,2019-09-11,19.94471981612313
896,2019-09-12,19.27359782220891
897,2019-09-16,18.95807011944102
898,2019-09-17,18.387897907465963
899,2019-09-27,17.54421641008434
900,2019-09-30,17.748706461793024
901,2019-10-08,16.373162896494886
902,2019-10-09,15.619177266359547
903,2019-10-10,15.807437853031164
904,2019-10-11,16.134702774343193
905,2019-10-14,15.095814976441973
906,2019-10-15,14.605854080683061
907,2019-10-16,13.254802133368862
908,2019-10-17,13.796058646485573
909,2019-10-18,14.213504950630973
910,2019-10-21,14.047964694444753
911,2019-10-22,13.876041085382218
912,2019-10-23,14.313161737758282
913,2019-10-24,14.02491359032182
914,2019-10-25,13.7492334793545
915,2019-10-28,14.072761686371773
916,2019-10-29,14.307218713854928
917,2019-10-30,14.582208922939174
918,2019-10-31,14.763070001573986
919,2019-11-01,14.02459324901623
920,2019-11-04,14.08374022572774
921,2019-11-05,14.319507586937227
922,2019-11-06,14.12308417719726
923,2019-11-07,14.345488000879145
924,2019-11-08,14.62763731054062
925,2019-11-11,15.539840316247947
926,2019-11-12,15.034070546803799
927,2019-11-13,15.276449241282124
928,2019-11-14,15.563027131795248
929,2019-11-15,15.535020643779571
930,2019-11-18,14.694244355531005
931,2019-11-19,13.890210006832367
932,2019-11-28,13.646350617583616
933,2019-11-29,14.169548361211149
934,2019-12-02,13.620394689445552
935,2019-12-03,13.382356771939714
936,2019-12-04,13.412424784416006
937,2019-12-05,12.780870128107477
938,2019-12-09,12.405793635890653
939,2019-12-10,12.26929302316958
940,2019-12-11,12.509039373587996
941,2019-12-12,12.171738466832641
942,2019-12-13,14.161274514496707
943,2019-12-16,13.486767255757798
944,2019-12-17,14.243373621610322
945,2019-12-26,13.471322494813453
946,2019-12-27,13.791972945758443
947,2019-12-30,14.784992596212026
948,2019-12-31,15.292773384395039
949,2020-01-02,15.72030329542207
950,2020-01-03,15.222203063927292
951,2020-01-06,15.882704512530344
952,2020-01-07,16.09218864060448
953,2020-01-08,16.297117652326722
954,2020-01-09,15.56288489637081
955,2020-01-10,15.125011185764484
956,2020-01-13,15.273231959530165
957,2020-01-14,14.402122909769584
958,2020-01-15,11.866642516128481
959,2020-01-16,11.858837769689611
960,2020-01-17,11.357867892567974
961,2020-01-20,12.552494134065695
962,2020-01-21,15.365288195822632
963,2020-01-22,14.444192482231259
964,2020-01-23,16.630677242883156
965,2020-02-03,20.07621437974856
966,2020-02-04,23.475226371002062
967,2020-02-05,20.82667864097018
968,2020-02-06,20.971353886333038
969,2020-02-07,22.29481324244123
970,2020-02-10,21.900410244716113
971,2020-02-11,20.129465515452868
972,2020-02-12,19.30084608036783
973,2020-02-13,19.767375140938707
974,2020-02-14,18.85510442658385
975,2020-02-17,18.975909328235886
976,2020-02-18,19.153049010361034
977,2020-02-27,20.504571468805473
978,2020-02-28,23.72748721652473
979,2020-03-02,21.19810699136373
980,2020-03-03,20.8239607939966
981,2020-03-04,20.850937966801634
982,2020-03-05,21.570370131305992
983,2020-03-06,22.909219576087413
984,2020-03-09,28.055900903042836
985,2020-03-10,27.554701334100663
986,2020-03-11,27.428999735287608
987,2020-03-12,29.848841722346762
988,2020-03-13,34.896482667334936
989,2020-03-16,34.66307736528205
990,2020-03-17,37.895530772302656
991,2020-03-26,32.53774895316112
992,2020-03-27,32.66669109762045
993,2020-03-30,31.594313295274016
994,2020-03-31,29.361685880007926
995,2020-04-01,27.631156094121522
996,2020-04-02,26.45657682049216
997,2020-04-03,27.357536678534967
998,2020-04-07,25.05842809560762
999,2020-04-08,23.855083614426377
1000,2020-04-09,22.700587735395107
1001,2020-04-10,21.935034482149344
1002,2020-04-13,20.460067184271992
1003,2020-04-14,19.708455407317054
1004,2020-04-15,18.537006302159075
1005,2020-04-16,18.0238075989058
1006,2020-04-17,18.281915120497636
1007,2020-04-20,19.495424206418594
1008,2020-04-21,19.58625425467288
1009,2020-04-22,19.445036781693307
1010,2020-04-23,18.8383514138679
1011,2020-04-24,18.608335974775855
1012,2020-04-27,
1013,2020-04-28,18.49378612257254
1014,2020-04-29,
1015,2020-04-30,
1016,2020-05-06,
1017,2020-05-07,19.545803660635002
1018,2020-05-08,
1019,2020-05-11,18.967287656262997
1020,2020-05-12,19.142906991424997
1021,2020-05-13,18.96269453098576
1022,2020-05-14,19.09215273888899
1023,2020-05-15,18.561058460679003
1024,2020-05-18,18.225958303114563
1025,2020-05-19,17.409707282330675
1026,2020-05-28,19.147276737179137
1027,2020-05-29,19.406831608166243
1028,2020-06-01,17.26370300546371
1029,2020-06-02,17.355804929392917
1030,2020-06-03,17.926301080655705
1031,2020-06-04,18.107333586680447
1032,2020-06-05,17.35214456868219
1033,2020-06-09,17.597473587306453
1034,2020-06-10,17.810038967867023
1035,2020-06-11,18.340106281908866
1036,2020-06-12,17.9074873552933
1037,2020-06-15,19.26181860877259
1038,2020-06-16,17.50485113720578
1039,2020-06-29,18.406386688975076
1040,2020-06-30,17.535497206727243
1041,2020-07-01,18.492420139453657
1042,2020-07-02,22.21690759772853
1043,2020-07-03,24.20426955722445
1044,2020-07-06,32.57770266418156
1045,2020-07-07,31.957785824910072
1046,2020-07-08,33.008161504208786
1047,2020-07-09,33.06441365433906
1048,2020-07-10,32.05385090001922
1049,2020-07-13,29.09669471050187
1050,2020-07-14,29.19395292693416
1051,2020-07-15,30.189470597219177
1052,2020-07-16,33.24236036350541
1053,2020-07-17,28.04731969612333
1054,2020-07-20,28.70816602902137
1055,2020-07-21,26.985051199519088
1056,2020-07-22,26.511986960419552
1057,2020-07-23,27.63534220288718
1058,2020-07-24,30.738108484598115
1059,2020-07-27,29.217899993790546
1060,2020-07-28,28.670816810098692
1061,2020-07-29,29.208587366940858
1062,2020-07-30,29.398577114865525
1063,2020-07-31,30.447830295155104
1064,2020-08-03,31.36565876697369
1065,2020-08-04,30.934789826947622
1066,2020-08-05,31.03068620830837
1067,2020-08-06,31.156663636085913
1068,2020-08-07,30.325519069480904
1069,2020-08-10,30.315076828129676
1070,2020-08-11,29.359877649649825
1071,2020-08-12,28.9949933710136
1072,2020-08-13,28.525679587470943
1073,2020-08-14,27.90379681865956
1074,2020-08-17,30.741374136422607
1075,2020-08-18,30.452242460931945
1076,2020-08-27,26.136350314636616
1077,2020-08-28,26.579455336511586
1078,2020-08-31,26.28543526476464
1079,2020-09-01,26.178347297939215
1080,2020-09-02,26.614805704298426
1081,2020-09-03,26.70718979297277
1082,2020-09-04,26.570427639266015
1083,2020-09-07,26.905199971812348
1084,2020-09-08,26.27422680289347
1085,2020-09-09,27.050733469144205
1086,2020-09-10,25.344583213364075
1087,2020-09-11,24.162714231471078
1088,2020-09-14,22.877744764745366
1089,2020-09-15,22.403513478172073
1090,2020-09-24,24.326531266176797
1091,2020-09-25,24.57139426219186
1092,2020-09-28,25.806194441307976
1093,2020-09-29,26.955653245394213
1094,2020-09-30,27.504643403318674
1095,2020-10-09,22.448300275533544
1096,2020-10-12,24.227048549924593
1097,2020-10-13,24.086121312726615
1098,2020-10-14,23.346181505676125
1099,2020-10-15,23.838361750585687
1100,2020-10-16,23.674858346037833
1101,2020-10-19,22.844696455417186
1102,2020-10-20,22.211931106840467
1103,2020-10-21,21.817202202258315
1104,2020-10-22,22.12699080993065
1105,2020-10-23,22.699313495389685
1106,2020-10-26,23.01059607508607
1107,2020-10-27,23.239352903178517
1108,2020-10-28,22.816037620331002
1109,2020-10-29,22.59857684775813
1110,2020-10-30,23.489980443826692
1111,2020-11-02,24.295140493306054
1112,2020-11-03,24.250929740603308
1113,2020-11-04,22.698359836819694
1114,2020-11-05,22.1453087741952
1115,2020-11-06,21.76325657515402
1116,2020-11-09,22.890528647664684
1117,2020-11-10,22.731772509366273
1118,2020-11-11,22.19757238800281
1119,2020-11-12,21.72693292460903
1120,2020-11-13,21.039639007636872
1121,2020-11-16,20.993680481684954
1122,2020-11-17,20.698612785067816
1123,2020-11-26,19.660333621604575
1124,2020-11-27,20.365708129863
1125,2020-11-30,20.542083389625247
1126,2020-12-01,22.933020670163316
1127,2020-12-02,23.628485250565284
1128,2020-12-03,23.365792695767617
1129,2020-12-04,22.52775298579087
1130,2020-12-07,21.364393573477596
1131,2020-12-08,20.329664884748563
1132,2020-12-09,19.65547899859812
1133,2020-12-10,18.751154587615048
1134,2020-12-11,19.28179758569861
1135,2020-12-14,18.521082721480646
1136,2020-12-15,18.477491472285827
1137,2020-12-24,18.38814417268411
1138,2020-12-25,18.159395732595584
1139,2020-12-28,18.503532038486313
1140,2020-12-29,18.929438723057245
1141,2020-12-30,18.983479291246105
1142,2020-12-31,20.060346002174104
1143,2021-01-04,20.688255736791092
1144,2021-01-05,20.654487236959948
1145,2021-01-06,22.271835095759247
1146,2021-01-07,25.354028105601145
1147,2021-01-08,25.4517869600631
1148,2021-01-11,23.18020378903859
1149,2021-01-12,24.483161386581457
1150,2021-01-13,24.227487326413595
1151,2021-01-14,23.870464408092396
1152,2021-01-15,22.069793023896963
1153,2021-01-18,22.424507784687933
1154,2021-01-19,22.60205909491873
1155,2021-01-20,22.37032077776243
1156,2021-01-21,23.56509190361058
1157,2021-01-22,22.44270164128966
1158,2021-01-25,23.281501698071054
1159,2021-01-26,23.13259863406347
1160,2021-01-27,22.65586575302747
1161,2021-01-28,24.168411967062635
1162,2021-01-29,24.335074860085918
1163,2021-02-01,24.726838379118103
1164,2021-02-02,22.969672514780893
1165,2021-02-03,21.763226109134145
1166,2021-02-04,22.76669958010035
1167,2021-02-05,23.16948585791254
1168,2021-02-08,23.519502507937716
1169,2021-02-09,23.057976606249913
1170,2021-02-10,24.399307612413367
1171,2021-02-25,22.875879626389555
1172,2021-02-26,25.516019995269133
1173,2021-03-01,23.933645202308295
1174,2021-03-02,23.298942032248515
1175,2021-03-03,23.06900344945621
1176,2021-03-04,24.851423809560238
1177,2021-03-05,25.5332427556631
1178,2021-03-08,26.901293387263202
1179,2021-03-09,26.611605582279196
1180,2021-03-10,25.900529659568722
1181,2021-03-11,23.93187212601612
1182,2021-03-12,22.51628262826369
1183,2021-03-15,23.262261508237767
1184,2021-03-16,22.554226094677553
1185,2021-03-25,21.1937254789916
1186,2021-03-26,20.112725009939243
1187,2021-03-29,20.100119507325584
1188,2021-03-30,20.11057553116086
1189,2021-03-31,19.782510600459435
1190,2021-04-01,19.0984954224834
1191,2021-04-02,19.254639397258615
1192,2021-04-06,19.542298552734717
1193,2021-04-07,18.856837348703355
1194,2021-04-08,18.520380933168262
1195,2021-04-09,18.37049652755037
1196,2021-04-12,19.287011659972688
1197,2021-04-13,19.25025283147318
1198,2021-04-14,19.127742080365035
1199,2021-04-15,19.24274679337547
1200,2021-04-16,18.984484268928917
1201,2021-04-19,19.464112577722307
1202,2021-04-20,19.517627658179592
1203,2021-04-21,19.310126127656403
1204,2021-04-22,19.35147623152165
1205,2021-04-23,19.513210098474076
1206,2021-04-26,20.41878089554661
1207,2021-04-27,20.141564431760685
1208,2021-04-28,19.797142563743208
1209,2021-04-29,19.67413879090492
1210,2021-04-30,19.40444483544171
1211,2021-05-06,19.337950196843924
1212,2021-05-07,19.11170031942686
1213,2021-05-10,18.988264251519812
1214,2021-05-11,19.283451733718852
1215,2021-05-12,19.512488008540696
1216,2021-05-13,19.571274809609125
1217,2021-05-14,19.887069410106356
1218,2021-05-17,20.684094223820214
1219,2021-05-18,20.31615829214725
1220,2021-05-27,22.42994670970531
1221,2021-05-28,22.237307360528646
1222,2021-05-31,22.71142263042281
1223,2021-06-01,22.486874284083218
1224,2021-06-02,21.09155581771892
1225,2021-06-03,20.305037604930916
1226,2021-06-04,20.46803528025061
1227,2021-06-07,21.034327552808175
1228,2021-06-08,21.58717280556202
1229,2021-06-09,20.73804391505501
1230,2021-06-10,19.958839499990834
1231,2021-06-11,20.118244430710767
1232,2021-06-15,19.78528852522495
1233,2021-06-24,17.836948808674027
1234,2021-06-25,18.072345567737298
1235,2021-06-28,18.31471856041277
1236,2021-06-29,18.09500579852075
1237,2021-06-30,18.637943695452428
1238,2021-07-01,18.28035856373127
1239,2021-07-02,19.000647123956398
1240,2021-07-05,18.2689114662857
1241,2021-07-06,18.02878793984126
1242,2021-07-07,17.61078576961559
1243,2021-07-08,18.45722124215375
1244,2021-07-09,18.432848268687724
1245,2021-07-12,18.931403982430787
1246,2021-07-13,18.627738151686223
1247,2021-07-14,18.683313485888352
1248,2021-07-15,18.307100221320404
1249,2021-07-16,18.42622239414043
1250,2021-07-19,18.56296110637107
1251,2021-07-20,18.94391688919141
1252,2021-07-21,18.049181240811162
1253,2021-07-22,18.13773383299189
1254,2021-07-23,18.11188501007369
1255,2021-07-26,21.688385434661548
1256,2021-07-27,23.621176599429774
1257,2021-07-28,22.41318066923936
1258,2021-07-29,20.809201973785633
1259,2021-07-30,20.26455649945334
1260,2021-08-02,20.336124206800875
1261,2021-08-03,19.50788832469333
1262,2021-08-04,19.653779267980592
1263,2021-08-05,19.343493750061345
1264,2021-08-06,18.88629272430691
1265,2021-08-09,18.950800944638903
1266,2021-08-10,19.481516111403476
1267,2021-08-11,19.235474047294577
1268,2021-08-12,19.13105622343672
1269,2021-08-13,18.944081916993763
1270,2021-08-16,19.501173879278333
1271,2021-08-17,20.444786422579384
1272,2021-08-26,20.28138191657847
1273,2021-08-27,19.987964268522155
1274,2021-08-30,20.758847149859495
1275,2021-08-31,20.541244467235707
1276,2021-09-01,20.851228907121687
1277,2021-09-02,21.327164281640933
1278,2021-09-03,21.09521677094883
1279,2021-09-06,20.90920187776824
1280,2021-09-07,21.00976359472276
1281,2021-09-08,21.272364433535355
1282,2021-09-09,21.071121439728472
1283,2021-09-10,20.718758423985538
1284,2021-09-13,21.093561439334064
1285,2021-09-14,20.723025033284838
1286,2021-09-23,20.94764211827581
1287,2021-09-24,19.709687676697744
1288,2021-09-27,20.235247902955393
1289,2021-09-28,20.540264676091304
1290,2021-09-29,21.16917519505473
1291,2021-09-30,21.31397851850354
1292,2021-10-08,19.527381644902476
1293,2021-10-11,19.34768959872889
1294,2021-10-12,19.172168444444925
1295,2021-10-13,19.27050135347374
1296,2021-10-14,19.08979922018767
1297,2021-10-15,18.764092903651218
1298,2021-10-18,19.72834195265251
1299,2021-10-19,18.782459974175563
1300,2021-10-20,18.199597132188885
1301,2021-10-21,18.58206633309915
1302,2021-10-22,18.73974131197687
1303,2021-10-25,19.61067067582308
1304,2021-10-26,19.444189134530067
1305,2021-10-27,19.25801833285485
1306,2021-10-28,19.048402052710003
1307,2021-10-29,18.927749178023017
1308,2021-11-01,19.476468295574875
1309,2021-11-02,20.380664895211726
1310,2021-11-03,20.644253415933477
1311,2021-11-04,19.553343868974654
1312,2021-11-05,19.20559727274113
1313,2021-11-08,19.940959865559748
1314,2021-11-09,19.963098713312263
1315,2021-11-10,19.852362730420182
1316,2021-11-11,19.334886976765446
1317,2021-11-12,19.10583601983264
1318,2021-11-15,19.454588138100185
1319,2021-11-16,19.107700244043087
1320,2021-11-25,17.160305617349007
1321,2021-11-26,17.128632615969757
1322,2021-11-29,17.28378075800377
1323,2021-11-30,17.194421503701125
1324,2021-12-01,16.865220405484372
1325,2021-12-02,16.365541208906194
1326,2021-12-03,15.635569905177702
1327,2021-12-06,15.945211104322581
1328,2021-12-07,16.074191464577655
1329,2021-12-08,17.301417889201325
1330,2021-12-09,18.118126210138747
1331,2021-12-10,17.561311276164812
1332,2021-12-13,17.97611728594712
1333,2021-12-14,17.34601292002566
1334,2021-12-23,15.731564395437339
1335,2021-12-24,15.958635364287888
1336,2021-12-27,16.46725870288916
1337,2021-12-28,16.45440830190202
1338,2021-12-29,17.869811371520424
1339,2021-12-30,17.227976243725816
1340,2021-12-31,17.467165214973345
1341,2022-01-04,17.794983827120383
1342,2022-01-05,18.302044184441844
1343,2022-01-06,18.61440707413811
1344,2022-01-07,17.81381889770291
1345,2022-01-10,17.95874271830313
1346,2022-01-11,17.98323627892687
1347,2022-01-12,17.318216387565517
1348,2022-01-13,18.611805103232054
1349,2022-01-14,18.87696352840674
1350,2022-01-17,18.327049369291792
1351,2022-01-18,17.81775554375092
1352,2022-01-19,17.662399783057246
1353,2022-01-20,17.837327963707907
1354,2022-01-21,17.798385704336628
1355,2022-01-24,18.944981236895757
1356,2022-01-25,21.005295260264848
1357,2022-01-26,20.04989359830113
1358,2022-01-27,20.407758872874933
1359,2022-01-28,22.981315678719767
1360,2022-02-07,19.033356844434437
1361,2022-02-08,18.49418112882681
1362,2022-02-09,17.811628600228516
1363,2022-02-10,17.366034153771658
1364,2022-02-11,17.016914656064234
1365,2022-02-14,17.71305690972203
1366,2022-02-15,17.734926442835746
1367,2022-02-24,18.00588346103476
1368,2022-02-25,17.298397250390384
1369,2022-02-28,17.67302478655978
1370,2022-03-01,16.689590787054215
1371,2022-03-02,16.769409379007175
1372,2022-03-03,16.908538298702222
1373,2022-03-04,16.643809112026776
1374,2022-03-07,19.907643562871634
1375,2022-03-08,21.6278157021908
1376,2022-03-09,23.70321607868806
1377,2022-03-10,21.190575958673353
1378,2022-03-11,22.121409812266357
1379,2022-03-14,24.8600710547845
1380,2022-03-15,25.975888113890083
1381,2022-03-24,19.799498524429605
1382,2022-03-25,21.72509934176134
1383,2022-03-28,22.355219243921784
1384,2022-03-29,22.51221661642398
1385,2022-03-30,20.785163437500128
1386,2022-03-31,20.669328794069134
1387,2022-04-01,20.220979100135448
1388,2022-04-06,20.10408478396236
1389,2022-04-07,20.963644499460834
1390,2022-04-08,20.302123538890438
1391,2022-04-11,22.933010790309794
1392,2022-04-12,21.794444369543
1393,2022-04-13,21.683372067833982
1394,2022-04-14,20.75883355790852
1395,2022-04-15,20.817467219696677
1396,2022-04-18,21.529464803983508
1397,2022-04-19,21.350819812978177
1398,2022-04-20,22.368038199741186
1399,2022-04-21,23.689149228325878
1400,2022-04-22,22.964358616233174
1401,2022-04-25,26.87540902043172
1402,2022-04-26,28.554450636432833
1403,2022-04-27,26.350624869334755
1404,2022-04-28,23.502228667642203
1405,2022-04-29,22.617377379802438
1406,2022-05-05,22.939384547649183
1407,2022-05-06,24.035775945570947
1408,2022-05-09,24.42277693708158
1409,2022-05-10,24.414556762436433
1410,2022-05-11,23.465747077486697
1411,2022-05-12,23.912229630376174
1412,2022-05-13,23.251477832434666
1413,2022-05-16,23.563754974238087
1414,2022-05-17,22.649465223577085
1415,2022-05-26,20.30508487474053
1416,2022-05-27,19.703690549363078
1417,2022-05-30,19.946110302707723
1418,2022-05-31,20.243282593403283
1419,2022-06-01,20.116549399582816
1420,2022-06-02,19.979250902806335
1421,2022-06-06,20.374812787469832
1422,2022-06-07,20.64494373971419
1423,2022-06-08,21.52832264628106
1424,2022-06-09,20.95956661129355
1425,2022-06-10,20.584990197977394
1426,2022-06-13,21.45728090059375
1427,2022-06-14,21.690747869213354
1428,2022-06-23,21.00008067775557
1429,2022-06-24,20.443569663881405
1430,2022-06-27,21.80012212174887
1431,2022-06-28,21.711142006618196
1432,2022-06-29,21.749812035825986
1433,2022-06-30,22.400172694624736
1434,2022-07-01,22.26188583046017
1435,2022-07-04,22.470939634645557
1436,2022-07-05,22.404487528867474
1437,2022-07-06,22.53093771564234
1438,2022-07-07,22.05076063917513
1439,2022-07-08,21.386507836879655
1440,2022-07-11,21.728682292828353
1441,2022-07-12,21.109335152863284
1442,2022-07-13,20.709656009149533
1443,2022-07-14,20.322038498751724
1444,2022-07-15,20.35079900558442
1445,2022-07-18,21.13427819914299
1446,2022-07-19,20.81183824328072
1447,2022-07-20,19.843333762903498
1448,2022-07-21,20.139458234672457
1449,2022-07-22,19.657689753531123
1450,2022-07-25,20.31159301577019
1451,2022-07-26,19.374140741963718
1452,2022-07-27,19.719736085404
1453,2022-07-28,19.546526002707033
1454,2022-07-29,20.515357924003542
1455,2022-08-01,20.885347350939067
1456,2022-08-02,24.198123761630605
1457,2022-08-03,22.708300667578023
1458,2022-08-04,20.82980259110867
1459,2022-08-05,19.3737538527772
1460,2022-08-08,19.52920541648415
1461,2022-08-09,19.326742201921356
1462,2022-08-10,19.615324875788094
1463,2022-08-11,19.853476446800904
1464,2022-08-12,19.030147077608664
1465,2022-08-15,19.344890641730743
1466,2022-08-16,18.984143498346132
1467,2022-08-25,18.100016843227422
1468,2022-08-26,17.016164044909623
1469,2022-08-29,17.75498261595039
1470,2022-08-30,17.33064965821201
1471,2022-08-31,17.49339564894142
1472,2022-09-01,17.669570709030538
1473,2022-09-02,18.049391201850717
1474,2022-09-05,18.762912670890827
1475,2022-09-06,17.614990951899117
1476,2022-09-07,17.517886351746732
1477,2022-09-08,16.980246314654135
1478,2022-09-09,16.465153887974733
1479,2022-09-13,16.690898160325926
1480,2022-09-14,16.796212316192236
1481,2022-09-15,17.02393921422368
1482,2022-09-16,18.277217686689657
1483,2022-09-19,18.474698341314756
1484,2022-09-20,17.991252676487882
1485,2022-09-29,18.562695817248155
