,日期,收盘价
0,2005/2/23,0.876
1,2005/2/24,0.876
2,2005/2/25,0.88
3,2005/2/28,0.872
4,2005/3/1,0.867
5,2005/3/2,0.859
6,2005/3/3,0.859
7,2005/3/4,0.86
8,2005/3/7,0.862
9,2005/3/8,0.874
10,2005/3/9,0.873
11,2005/3/10,0.853
12,2005/3/11,0.855
13,2005/3/14,0.857
14,2005/3/15,0.843
15,2005/3/16,0.834
16,2005/3/17,0.828
17,2005/3/18,0.824
18,2005/3/21,0.824
19,2005/3/22,0.808
20,2005/3/23,0.804
21,2005/3/24,0.806
22,2005/3/25,0.805
23,2005/3/28,0.802
24,2005/3/29,0.805
25,2005/3/30,0.793
26,2005/3/31,0.794
27,2005/4/1,0.829
28,2005/4/4,0.81
29,2005/4/5,0.805
30,2005/4/6,0.818
31,2005/4/7,0.824
32,2005/4/8,0.836
33,2005/4/11,0.83
34,2005/4/12,0.821
35,2005/4/13,0.84
36,2005/4/14,0.828
37,2005/4/15,0.818
38,2005/4/18,0.808
39,2005/4/19,0.811
40,2005/4/20,0.797
41,2005/4/21,0.797
42,2005/4/22,0.798
43,2005/4/25,0.79
44,2005/4/26,0.793
45,2005/4/27,0.788
46,2005/4/28,0.797
47,2005/4/29,0.788
48,2005/5/9,0.78
49,2005/5/10,0.783
50,2005/5/11,0.777
51,2005/5/12,0.76
52,2005/5/13,0.762
53,2005/5/16,0.75
54,2005/5/17,0.754
55,2005/5/18,0.755
56,2005/5/19,0.755
57,2005/5/20,0.757
58,2005/5/23,0.743
59,2005/5/24,0.741
60,2005/5/25,0.743
61,2005/5/26,0.736
62,2005/5/27,0.73
63,2005/5/30,0.736
64,2005/5/31,0.738
65,2005/6/1,0.726
66,2005/6/2,0.707
67,2005/6/3,0.705
68,2005/6/6,0.72
69,2005/6/7,0.72
70,2005/6/8,0.781
71,2005/6/9,0.789
72,2005/6/10,0.775
73,2005/6/13,0.774
74,2005/6/14,0.768
75,2005/6/15,0.755
76,2005/6/16,0.766
77,2005/6/17,0.772
78,2005/6/20,0.804
79,2005/6/21,0.794
80,2005/6/22,0.798
81,2005/6/23,0.794
82,2005/6/24,0.794
83,2005/6/27,0.808
84,2005/6/28,0.802
85,2005/6/29,0.791
86,2005/6/30,0.769
87,2005/7/1,0.767
88,2005/7/4,0.761
89,2005/7/5,0.754
90,2005/7/6,0.75
91,2005/7/7,0.75
92,2005/7/8,0.743
93,2005/7/11,0.741
94,2005/7/12,0.772
95,2005/7/13,0.765
96,2005/7/14,0.768
97,2005/7/15,0.766
98,2005/7/18,0.764
99,2005/7/19,0.763
100,2005/7/20,0.772
101,2005/7/21,0.775
102,2005/7/22,0.787
103,2005/7/25,0.784
104,2005/7/26,0.796
105,2005/7/27,0.803
106,2005/7/28,0.799
107,2005/7/29,0.797
108,2005/8/1,0.798
109,2005/8/2,0.805
110,2005/8/3,0.807
111,2005/8/4,0.805
112,2005/8/5,0.827
113,2005/8/8,0.828
114,2005/8/9,0.829
115,2005/8/10,0.83
116,2005/8/11,0.84
117,2005/8/12,0.836
118,2005/8/15,0.854
119,2005/8/16,0.839
120,2005/8/17,0.85
121,2005/8/18,0.824
122,2005/8/19,0.83
123,2005/8/22,0.836
124,2005/8/23,0.83
125,2005/8/24,0.84
126,2005/8/25,0.84
127,2005/8/26,0.84
128,2005/8/29,0.83
129,2005/8/30,0.826
130,2005/8/31,0.835
131,2005/9/1,0.844
132,2005/9/2,0.845
133,2005/9/5,0.845
134,2005/9/6,0.834
135,2005/9/7,0.839
136,2005/9/8,0.841
137,2005/9/9,0.841
138,2005/9/12,0.84
139,2005/9/13,0.845
140,2005/9/14,0.85
141,2005/9/15,0.848
142,2005/9/16,0.846
143,2005/9/19,0.845
144,2005/9/20,0.839
145,2005/9/21,0.83
146,2005/9/22,0.813
147,2005/9/23,0.808
148,2005/9/26,0.812
149,2005/9/27,0.8
150,2005/9/28,0.802
151,2005/9/29,0.809
152,2005/9/30,0.808
153,2005/10/10,0.799
154,2005/10/11,0.807
155,2005/10/12,0.806
156,2005/10/13,0.799
157,2005/10/14,0.784
158,2005/10/17,0.781
159,2005/10/18,0.782
160,2005/10/19,0.781
161,2005/10/20,0.79
162,2005/10/21,0.789
163,2005/10/24,0.787
164,2005/10/25,0.78
165,2005/10/26,0.763
166,2005/10/27,0.765
167,2005/10/28,0.76
168,2005/10/31,0.77
169,2005/11/1,0.767
170,2005/11/2,0.773
171,2005/11/3,0.766
172,2005/11/4,0.77
173,2005/11/7,0.766
174,2005/11/8,0.772
175,2005/11/9,0.766
176,2005/11/10,0.755
177,2005/11/11,0.756
178,2005/11/14,0.752
179,2005/11/15,0.752
180,2005/11/16,0.755
181,2005/11/17,0.757
182,2005/11/18,0.774
183,2005/11/21,0.775
184,2005/11/22,0.761
185,2005/11/23,0.766
186,2005/11/24,0.776
187,2005/11/25,0.783
188,2005/11/28,0.778
189,2005/11/29,0.77
190,2005/11/30,0.774
191,2005/12/1,0.773
192,2005/12/2,0.772
193,2005/12/5,0.766
194,2005/12/6,0.775
195,2005/12/7,0.781
196,2005/12/8,0.779
197,2005/12/9,0.792
198,2005/12/12,0.79
199,2005/12/13,0.788
200,2005/12/14,0.794
201,2005/12/15,0.794
202,2005/12/16,0.798
203,2005/12/19,0.798
204,2005/12/20,0.801
205,2005/12/21,0.802
206,2005/12/22,0.805
207,2005/12/23,0.81
208,2005/12/26,0.813
209,2005/12/27,0.809
210,2005/12/28,0.809
211,2005/12/29,0.817
212,2005/12/30,0.812
213,2006/1/4,0.829
214,2006/1/5,0.848
215,2006/1/6,0.854
216,2006/1/9,0.858
217,2006/1/10,0.855
218,2006/1/11,0.848
219,2006/1/12,0.854
220,2006/1/13,0.846
221,2006/1/16,0.833
222,2006/1/17,0.839
223,2006/1/18,0.856
224,2006/1/19,0.858
225,2006/1/20,0.856
226,2006/1/23,0.86
227,2006/1/24,0.854
228,2006/1/25,0.863
229,2006/2/6,0.878
230,2006/2/7,0.873
231,2006/2/8,0.877
232,2006/2/9,0.865
233,2006/2/10,0.879
234,2006/2/13,0.876
235,2006/2/14,0.877
236,2006/2/15,0.885
237,2006/2/16,0.875
238,2006/2/17,0.875
239,2006/2/20,0.872
240,2006/2/21,0.887
241,2006/2/22,0.882
242,2006/2/23,0.89
243,2006/2/24,0.898
244,2006/2/27,0.901
245,2006/2/28,0.911
246,2006/3/1,0.919
247,2006/3/2,0.901
248,2006/3/3,0.902
249,2006/3/6,0.897
250,2006/3/7,0.881
251,2006/3/8,0.877
252,2006/3/9,0.872
253,2006/3/10,0.874
254,2006/3/13,0.882
255,2006/3/14,0.878
256,2006/3/15,0.885
257,2006/3/16,0.882
258,2006/3/17,0.881
259,2006/3/20,0.891
260,2006/3/21,0.892
261,2006/3/22,0.897
262,2006/3/23,0.894
263,2006/3/24,0.895
264,2006/3/27,0.897
265,2006/3/28,0.904
266,2006/3/29,0.912
267,2006/3/30,0.906
268,2006/3/31,0.91
269,2006/4/3,0.92
270,2006/4/4,0.925
271,2006/4/5,0.932
272,2006/4/6,0.93
273,2006/4/7,0.919
274,2006/4/10,0.932
275,2006/4/11,0.936
276,2006/4/12,0.933
277,2006/4/13,0.92
278,2006/4/14,0.938
279,2006/4/17,0.947
280,2006/4/18,0.95
281,2006/4/19,0.952
282,2006/4/20,0.939
283,2006/4/21,0.962
284,2006/4/24,0.961
285,2006/4/25,0.942
286,2006/4/26,0.963
287,2006/4/27,0.964
288,2006/4/28,0.992
289,2006/5/8,1.026
290,2006/5/9,1.046
291,2006/5/10,1.052
292,2006/5/11,1.043
293,2006/5/12,1.08
294,2006/5/15,1.139
295,2006/5/16,1.104
296,2006/5/17,1.107
297,2006/5/18,1.105
298,2006/5/19,1.101
299,2006/5/22,1.1
300,2006/5/23,1.064
301,2006/5/24,1.066
302,2006/5/25,1.065
303,2006/5/26,1.09
304,2006/5/29,1.108
305,2006/5/30,1.114
306,2006/5/31,1.11
307,2006/6/1,1.138
308,2006/6/2,1.137
309,2006/6/5,1.124
310,2006/6/6,1.122
311,2006/6/7,1.073
312,2006/6/8,1.079
313,2006/6/9,1.061
314,2006/6/12,1.061
315,2006/6/13,1.058
316,2006/6/14,1.052
317,2006/6/15,1.053
318,2006/6/16,1.076
319,2006/6/19,1.083
320,2006/6/20,1.088
321,2006/6/21,1.087
322,2006/6/22,1.084
323,2006/6/23,1.092
324,2006/6/26,1.117
325,2006/6/27,1.117
326,2006/6/28,1.117
327,2006/6/29,1.138
328,2006/6/30,1.136
329,2006/7/3,1.161
330,2006/7/4,1.15
331,2006/7/5,1.123
332,2006/7/6,1.14
333,2006/7/7,1.128
334,2006/7/10,1.127
335,2006/7/11,1.13
336,2006/7/12,1.132
337,2006/7/13,1.085
338,2006/7/14,1.091
339,2006/7/17,1.097
340,2006/7/18,1.094
341,2006/7/19,1.07
342,2006/7/20,1.076
343,2006/7/21,1.088
344,2006/7/24,1.088
345,2006/7/25,1.1
346,2006/7/26,1.1
347,2006/7/27,1.092
348,2006/7/28,1.08
349,2006/7/31,1.052
350,2006/8/1,1.043
351,2006/8/2,1.035
352,2006/8/3,1.039
353,2006/8/4,1.024
354,2006/8/7,1.008
355,2006/8/8,1.024
356,2006/8/9,1.028
357,2006/8/10,1.042
358,2006/8/11,1.04
359,2006/8/14,1.026
360,2006/8/15,1.038
361,2006/8/16,1.048
362,2006/8/17,1.039
363,2006/8/18,1.042
364,2006/8/21,1.043
365,2006/8/22,1.052
366,2006/8/23,1.055
367,2006/8/24,1.06
368,2006/8/25,1.064
369,2006/8/28,1.085
370,2006/8/29,1.081
371,2006/8/30,1.078
372,2006/8/31,1.077
373,2006/9/1,1.064
374,2006/9/4,1.076
375,2006/9/5,1.081
376,2006/9/6,1.09
377,2006/9/7,1.078
378,2006/9/8,1.081
379,2006/9/11,1.087
380,2006/9/12,1.101
381,2006/9/13,1.104
382,2006/9/14,1.102
383,2006/9/15,1.13
384,2006/9/18,1.148
385,2006/9/19,1.133
386,2006/9/20,1.129
387,2006/9/21,1.144
388,2006/9/22,1.132
389,2006/9/25,1.127
390,2006/9/26,1.114
391,2006/9/27,1.125
392,2006/9/28,1.142
393,2006/9/29,1.156
394,2006/10/9,1.186
395,2006/10/10,1.191
396,2006/10/11,1.19
397,2006/10/12,1.187
398,2006/10/13,1.186
399,2006/10/16,1.169
400,2006/10/17,1.161
401,2006/10/18,1.185
402,2006/10/19,1.189
403,2006/10/20,1.192
404,2006/10/23,1.173
405,2006/10/24,1.194
406,2006/10/25,1.201
407,2006/10/26,1.217
408,2006/10/27,1.201
409,2006/10/30,1.213
410,2006/10/31,1.233
411,2006/11/1,1.251
412,2006/11/2,1.246
413,2006/11/3,1.267
414,2006/11/6,1.285
415,2006/11/7,1.303
416,2006/11/8,1.283
417,2006/11/9,1.312
418,2006/11/10,1.308
419,2006/11/13,1.286
420,2006/11/14,1.3
421,2006/11/15,1.333
422,2006/11/16,1.302
423,2006/11/17,1.327
424,2006/11/20,1.364
425,2006/11/21,1.37
426,2006/11/22,1.38
427,2006/11/23,1.389
428,2006/11/24,1.383
429,2006/11/27,1.375
430,2006/11/28,1.36
431,2006/11/29,1.38
432,2006/11/30,1.416
433,2006/12/1,1.421
434,2006/12/4,1.481
435,2006/12/5,1.487
436,2006/12/6,1.483
437,2006/12/7,1.498
438,2006/12/8,1.438
439,2006/12/11,1.52
440,2006/12/12,1.527
441,2006/12/13,1.52
442,2006/12/14,1.547
443,2006/12/15,1.574
444,2006/12/18,1.608
445,2006/12/19,1.615
446,2006/12/20,1.641
447,2006/12/21,1.617
448,2006/12/22,1.588
449,2006/12/25,1.627
450,2006/12/26,1.636
451,2006/12/27,1.69
452,2006/12/28,1.699
453,2006/12/29,1.788
454,2007/1/4,1.801
455,2007/1/5,1.776
456,2007/1/8,1.829
457,2007/1/9,1.904
458,2007/1/10,1.924
459,2007/1/11,1.898
460,2007/1/12,1.837
461,2007/1/15,1.917
462,2007/1/16,1.944
463,2007/1/17,1.91
464,2007/1/18,1.906
465,2007/1/19,1.968
466,2007/1/22,2.053
467,2007/1/23,2.085
468,2007/1/24,2.11
469,2007/1/25,2.07
470,2007/1/26,2.151
471,2007/1/29,2.2
472,2007/1/30,2.177
473,2007/1/31,2.035
474,2007/2/1,2.025
475,2007/2/2,1.932
476,2007/2/5,1.884
477,2007/2/6,1.946
478,2007/2/7,1.987
479,2007/2/8,2.005
480,2007/2/9,1.98
481,2007/2/12,2.068
482,2007/2/13,2.085
483,2007/2/14,2.155
484,2007/2/15,2.218
485,2007/2/16,2.212
486,2007/2/26,2.215
487,2007/2/27,2.021
488,2007/2/28,2.074
489,2007/3/1,2.016
490,2007/3/2,2.043
491,2007/3/5,1.996
492,2007/3/6,2.051
493,2007/3/7,2.103
494,2007/3/8,2.113
495,2007/3/9,2.111
496,2007/3/12,2.101
497,2007/3/13,2.11
498,2007/3/14,2.067
499,2007/3/15,2.107
500,2007/3/16,2.074
501,2007/3/19,2.152
502,2007/3/20,2.147
503,2007/3/21,2.173
504,2007/3/22,2.18
505,2007/3/23,2.176
506,2007/3/26,2.207
507,2007/3/27,2.21
508,2007/3/28,2.251
509,2007/3/29,2.274
510,2007/3/30,2.259
511,2007/4/2,2.31
512,2007/4/3,2.332
513,2007/4/4,2.342
514,2007/4/5,2.348
515,2007/4/6,2.353
516,2007/4/9,2.405
517,2007/4/10,2.427
518,2007/4/11,2.461
519,2007/4/12,2.498
520,2007/4/13,2.471
521,2007/4/16,2.542
522,2007/4/17,2.531
523,2007/4/18,2.515
524,2007/4/19,2.412
525,2007/4/20,2.503
526,2007/4/23,2.612
527,2007/4/24,2.609
528,2007/4/25,2.638
529,2007/4/26,2.656
530,2007/4/27,2.635
531,2007/4/30,2.675
532,2007/5/8,2.763
533,2007/5/9,2.785
534,2007/5/10,2.81
535,2007/5/11,2.788
536,2007/5/14,2.821
537,2007/5/15,2.72
538,2007/5/16,2.768
539,2007/5/17,2.808
540,2007/5/18,2.788
541,2007/5/21,2.793
542,2007/5/22,2.82
543,2007/5/23,2.857
544,2007/5/24,2.83
545,2007/5/25,2.869
546,2007/5/28,2.926
547,2007/5/29,2.98
548,2007/5/30,2.737
549,2007/5/31,2.879
550,2007/6/1,2.859
551,2007/6/4,2.697
552,2007/6/5,2.716
553,2007/6/6,2.707
554,2007/6/7,2.789
555,2007/6/8,2.801
556,2007/6/11,2.85
557,2007/6/12,2.915
558,2007/6/13,2.999
559,2007/6/14,2.962
560,2007/6/15,2.984
561,2007/6/18,3.08
562,2007/6/19,3.066
563,2007/6/20,3.023
564,2007/6/21,3.048
565,2007/6/22,2.986
566,2007/6/25,2.917
567,2007/6/26,2.94
568,2007/6/27,3.038
569,2007/6/28,2.961
570,2007/6/29,2.891
571,2007/7/2,2.925
572,2007/7/3,2.94
573,2007/7/4,2.873
574,2007/7/5,2.769
575,2007/7/6,2.837
576,2007/7/9,2.93
577,2007/7/10,2.914
578,2007/7/11,2.916
579,2007/7/12,2.954
580,2007/7/13,2.958
581,2007/7/16,2.86
582,2007/7/17,2.943
583,2007/7/18,2.958
584,2007/7/19,2.947
585,2007/7/20,3.089
586,2007/7/23,3.202
587,2007/7/24,3.203
588,2007/7/25,3.287
589,2007/7/26,3.277
590,2007/7/27,3.244
591,2007/7/30,3.336
592,2007/7/31,3.362
593,2007/8/1,3.256
594,2007/8/2,3.341
595,2007/8/3,3.5
596,2007/8/6,3.55
597,2007/8/7,3.56
598,2007/8/8,3.537
599,2007/8/9,3.656
600,2007/8/10,3.649
601,2007/8/13,3.669
602,2007/8/14,3.706
603,2007/8/15,3.719
604,2007/8/16,3.641
605,2007/8/17,3.554
606,2007/8/20,3.79
607,2007/8/21,3.819
608,2007/8/22,3.87
609,2007/8/23,3.917
610,2007/8/24,4.026
611,2007/8/27,4.041
612,2007/8/28,4.04
613,2007/8/29,3.99
614,2007/8/30,4.02
615,2007/8/31,4.06
616,2007/9/3,4.155
617,2007/9/4,4.086
618,2007/9/5,4.083
619,2007/9/6,4.126
620,2007/9/7,4.06
621,2007/9/10,4.11
622,2007/9/11,3.954
623,2007/9/12,3.966
624,2007/9/13,4.056
625,2007/9/14,4.069
626,2007/9/17,4.175
627,2007/9/18,4.14
628,2007/9/19,4.09
629,2007/9/20,4.138
630,2007/9/21,4.095
631,2007/9/24,4.139
632,2007/9/25,4.109
633,2007/9/26,4.049
634,2007/9/27,4.103
635,2007/9/28,4.243
636,2007/10/8,4.295
637,2007/10/9,4.314
638,2007/10/10,4.352
639,2007/10/11,4.475
640,2007/10/12,4.457
641,2007/10/15,4.587
642,2007/10/16,4.599
643,2007/10/17,4.546
644,2007/10/18,4.38
645,2007/10/19,4.348
646,2007/10/22,4.255
647,2007/10/23,4.36
648,2007/10/24,4.404
649,2007/10/25,4.24
650,2007/10/26,4.308
651,2007/10/29,4.392
652,2007/10/30,4.442
653,2007/10/31,4.445
654,2007/11/1,4.407
655,2007/11/2,4.311
656,2007/11/5,4.228
657,2007/11/6,4.204
658,2007/11/7,4.226
659,2007/11/8,4.034
660,2007/11/9,3.999
661,2007/11/12,3.952
662,2007/11/13,3.924
663,2007/11/14,4.108
664,2007/11/15,4.029
665,2007/11/16,3.971
666,2007/11/19,3.954
667,2007/11/20,3.996
668,2007/11/21,3.96
669,2007/11/22,3.804
670,2007/11/23,3.862
671,2007/11/26,3.784
672,2007/11/27,3.774
673,2007/11/28,3.722
674,2007/11/29,3.913
675,2007/11/30,3.82
676,2007/12/3,3.856
677,2007/12/4,3.89
678,2007/12/5,4.0
679,2007/12/6,3.985
680,2007/12/7,4.06
681,2007/12/10,4.114
682,2007/12/11,4.084
683,2007/12/12,4.003
684,2007/12/13,3.865
685,2007/12/14,3.942
686,2007/12/17,3.839
687,2007/12/18,3.81
688,2007/12/19,3.901
689,2007/12/20,3.975
690,2007/12/21,4.027
691,2007/12/24,4.086
692,2007/12/25,4.082
693,2007/12/26,4.105
694,2007/12/27,4.184
695,2007/12/28,4.151
696,2008/1/2,4.141
697,2008/1/3,4.156
698,2008/1/4,4.203
699,2008/1/7,4.253
700,2008/1/8,4.266
701,2008/1/9,4.328
702,2008/1/10,4.343
703,2008/1/11,4.402
704,2008/1/14,4.437
705,2008/1/15,4.37
706,2008/1/16,4.235
707,2008/1/17,4.151
708,2008/1/18,4.165
709,2008/1/21,3.969
710,2008/1/22,3.698
711,2008/1/23,3.845
712,2008/1/24,3.825
713,2008/1/25,3.881
714,2008/1/28,3.621
715,2008/1/29,3.635
716,2008/1/30,3.552
717,2008/1/31,3.512
718,2008/2/1,3.501
719,2008/2/4,3.851
720,2008/2/5,3.777
721,2008/2/13,3.683
722,2008/2/14,3.721
723,2008/2/15,3.653
724,2008/2/18,3.715
725,2008/2/19,3.798
726,2008/2/20,3.694
727,2008/2/21,3.645
728,2008/2/22,3.5
729,2008/2/25,3.384
730,2008/2/26,3.409
731,2008/2/27,3.493
732,2008/2/28,3.469
733,2008/2/29,3.501
734,2008/3/3,3.58
735,2008/3/4,3.459
736,2008/3/5,3.423
737,2008/3/6,3.458
738,2008/3/7,3.421
739,2008/3/10,3.294
740,2008/3/11,3.294
741,2008/3/12,3.207
742,2008/3/13,3.136
743,2008/3/14,3.115
744,2008/3/17,3.027
745,2008/3/18,2.912
746,2008/3/19,2.994
747,2008/3/20,3.052
748,2008/3/21,3.057
749,2008/3/24,2.914
750,2008/3/25,2.924
751,2008/3/26,2.94
752,2008/3/27,2.82
753,2008/3/28,2.958
754,2008/3/31,2.866
755,2008/4/1,2.763
756,2008/4/2,2.788
757,2008/4/3,2.872
758,2008/4/7,2.989
759,2008/4/8,2.982
760,2008/4/9,2.844
761,2008/4/10,2.873
762,2008/4/11,2.882
763,2008/4/14,2.718
764,2008/4/15,2.74
765,2008/4/16,2.68
766,2008/4/17,2.606
767,2008/4/18,2.539
768,2008/4/21,2.575
769,2008/4/22,2.61
770,2008/4/23,2.718
771,2008/4/24,2.99
772,2008/4/25,2.985
773,2008/4/28,2.912
774,2008/4/29,2.943
775,2008/4/30,3.111
776,2008/5/5,3.135
777,2008/5/6,3.087
778,2008/5/7,2.963
779,2008/5/8,3.02
780,2008/5/9,2.961
781,2008/5/12,2.973
782,2008/5/13,2.925
783,2008/5/14,3.014
784,2008/5/15,2.997
785,2008/5/16,2.99
786,2008/5/19,2.964
787,2008/5/20,2.836
788,2008/5/21,2.887
789,2008/5/22,2.841
790,2008/5/23,2.845
791,2008/5/26,2.759
792,2008/5/27,2.764
793,2008/5/28,2.839
794,2008/5/29,2.774
795,2008/5/30,2.807
796,2008/6/2,2.822
797,2008/6/3,2.811
798,2008/6/4,2.754
799,2008/6/5,2.725
800,2008/6/6,2.712
801,2008/6/10,2.482
802,2008/6/11,2.461
803,2008/6/12,2.406
804,2008/6/13,2.367
805,2008/6/16,2.369
806,2008/6/17,2.317
807,2008/6/18,2.408
808,2008/6/19,2.25
809,2008/6/20,2.33
810,2008/6/23,2.269
811,2008/6/24,2.306
812,2008/6/25,2.381
813,2008/6/26,2.378
814,2008/6/27,2.256
815,2008/6/30,2.232
816,2008/7/1,2.143
817,2008/7/2,2.133
818,2008/7/3,2.16
819,2008/7/4,2.14
820,2008/7/7,2.263
821,2008/7/8,2.262
822,2008/7/9,2.368
823,2008/7/10,2.336
824,2008/7/11,2.32
825,2008/7/14,2.331
826,2008/7/15,2.226
827,2008/7/16,2.157
828,2008/7/17,2.142
829,2008/7/18,2.238
830,2008/7/21,2.302
831,2008/7/22,2.289
832,2008/7/23,2.279
833,2008/7/24,2.362
834,2008/7/25,2.337
835,2008/7/28,2.35
836,2008/7/29,2.3
837,2008/7/30,2.295
838,2008/7/31,2.237
839,2008/8/1,2.273
840,2008/8/4,2.224
841,2008/8/5,2.19
842,2008/8/6,2.217
843,2008/8/7,2.22
844,2008/8/8,2.112
845,2008/8/11,2.041
846,2008/8/12,2.031
847,2008/8/13,2.019
848,2008/8/14,2.012
849,2008/8/15,2.027
850,2008/8/18,1.935
851,2008/8/19,1.954
852,2008/8/20,2.119
853,2008/8/21,2.049
854,2008/8/22,2.009
855,2008/8/25,2.021
856,2008/8/26,1.982
857,2008/8/27,1.988
858,2008/8/28,2.003
859,2008/8/29,2.038
860,2008/9/1,1.975
861,2008/9/2,1.948
862,2008/9/3,1.908
863,2008/9/4,1.91
864,2008/9/5,1.86
865,2008/9/8,1.832
866,2008/9/9,1.842
867,2008/9/10,1.839
868,2008/9/11,1.771
869,2008/9/12,1.774
870,2008/9/16,1.649
871,2008/9/17,1.601
872,2008/9/18,1.569
873,2008/9/19,1.726
874,2008/9/22,1.899
875,2008/9/23,1.777
876,2008/9/24,1.798
877,2008/9/25,1.872
878,2008/9/26,1.866
879,2008/10/6,1.762
880,2008/10/7,1.731
881,2008/10/8,1.65
882,2008/10/9,1.634
883,2008/10/10,1.572
884,2008/10/13,1.663
885,2008/10/14,1.612
886,2008/10/15,1.582
887,2008/10/16,1.503
888,2008/10/17,1.513
889,2008/10/20,1.568
890,2008/10/21,1.543
891,2008/10/22,1.502
892,2008/10/23,1.494
893,2008/10/24,1.446
894,2008/10/27,1.323
895,2008/10/28,1.389
896,2008/10/29,1.347
897,2008/10/30,1.391
898,2008/10/31,1.359
899,2008/11/3,1.36
900,2008/11/4,1.355
901,2008/11/5,1.415
902,2008/11/6,1.372
903,2008/11/7,1.399
904,2008/11/10,1.529
905,2008/11/11,1.491
906,2008/11/12,1.505
907,2008/11/13,1.554
908,2008/11/14,1.589
909,2008/11/17,1.602
910,2008/11/18,1.495
911,2008/11/19,1.535
912,2008/11/20,1.49
913,2008/11/21,1.485
914,2008/11/24,1.424
915,2008/11/25,1.42
916,2008/11/26,1.422
917,2008/11/27,1.448
918,2008/11/28,1.397
919,2008/12/1,1.412
920,2008/12/2,1.407
921,2008/12/3,1.476
922,2008/12/4,1.503
923,2008/12/5,1.52
924,2008/12/8,1.583
925,2008/12/9,1.538
926,2008/12/10,1.585
927,2008/12/11,1.543
928,2008/12/12,1.478
929,2008/12/15,1.486
930,2008/12/16,1.495
931,2008/12/17,1.494
932,2008/12/18,1.53
933,2008/12/19,1.528
934,2008/12/22,1.499
935,2008/12/23,1.434
936,2008/12/24,1.411
937,2008/12/25,1.399
938,2008/12/26,1.398
939,2008/12/29,1.391
940,2008/12/30,1.373
941,2008/12/31,1.365
942,2009/1/5,1.417
943,2009/1/6,1.457
944,2009/1/7,1.448
945,2009/1/8,1.407
946,2009/1/9,1.428
947,2009/1/12,1.42
948,2009/1/13,1.397
949,2009/1/14,1.46
950,2009/1/15,1.447
951,2009/1/16,1.489
952,2009/1/19,1.508
953,2009/1/20,1.518
954,2009/1/21,1.511
955,2009/1/22,1.526
956,2009/1/23,1.518
957,2009/2/2,1.52
958,2009/2/3,1.559
959,2009/2/4,1.606
960,2009/2/5,1.6
961,2009/2/6,1.668
962,2009/2/9,1.692
963,2009/2/10,1.697
964,2009/2/11,1.7
965,2009/2/12,1.675
966,2009/2/13,1.737
967,2009/2/16,1.792
968,2009/2/17,1.748
969,2009/2/18,1.668
970,2009/2/19,1.66
971,2009/2/20,1.679
972,2009/2/23,1.718
973,2009/2/24,1.629
974,2009/2/25,1.645
975,2009/2/26,1.593
976,2009/2/27,1.574
977,2009/3/2,1.576
978,2009/3/3,1.553
979,2009/3/4,1.671
980,2009/3/5,1.689
981,2009/3/6,1.676
982,2009/3/9,1.619
983,2009/3/10,1.641
984,2009/3/11,1.626
985,2009/3/12,1.624
986,2009/3/13,1.621
987,2009/3/16,1.658
988,2009/3/17,1.709
989,2009/3/18,1.704
990,2009/3/19,1.732
991,2009/3/20,1.726
992,2009/3/23,1.766
993,2009/3/24,1.774
994,2009/3/25,1.745
995,2009/3/26,1.818
996,2009/3/27,1.823
997,2009/3/30,1.815
998,2009/3/31,1.831
999,2009/4/1,1.85
1000,2009/4/2,1.876
1001,2009/4/3,1.889
1002,2009/4/7,1.894
1003,2009/4/8,1.816
1004,2009/4/9,1.844
1005,2009/4/10,1.891
1006,2009/4/13,1.938
1007,2009/4/14,1.942
1008,2009/4/15,1.935
1009,2009/4/16,1.933
1010,2009/4/17,1.909
1011,2009/4/20,1.947
1012,2009/4/21,1.916
1013,2009/4/22,1.867
1014,2009/4/23,1.863
1015,2009/4/24,1.848
1016,2009/4/27,1.816
1017,2009/4/28,1.815
1018,2009/4/29,1.887
1019,2009/4/30,1.887
1020,2009/5/4,1.949
1021,2009/5/5,1.953
1022,2009/5/6,1.974
1023,2009/5/7,1.981
1024,2009/5/8,2.019
1025,2009/5/11,1.99
1026,2009/5/12,2.024
1027,2009/5/13,2.043
1028,2009/5/14,2.01
1029,2009/5/15,2.014
1030,2009/5/18,2.025
1031,2009/5/19,2.048
1032,2009/5/20,2.02
1033,2009/5/21,1.969
1034,2009/5/22,1.968
1035,2009/5/25,1.975
1036,2009/5/26,1.943
1037,2009/5/27,1.99
1038,2009/6/1,2.077
1039,2009/6/2,2.073
1040,2009/6/3,2.155
1041,2009/6/4,2.169
1042,2009/6/5,2.161
1043,2009/6/8,2.181
1044,2009/6/9,2.197
1045,2009/6/10,2.214
1046,2009/6/11,2.203
1047,2009/6/12,2.162
1048,2009/6/15,2.219
1049,2009/6/16,2.204
1050,2009/6/17,2.233
1051,2009/6/18,2.281
1052,2009/6/19,2.312
1053,2009/6/22,2.316
1054,2009/6/23,2.326
1055,2009/6/24,2.332
1056,2009/6/25,2.33
1057,2009/6/26,2.336
1058,2009/6/29,2.392
1059,2009/6/30,2.379
1060,2009/7/1,2.442
1061,2009/7/2,2.482
1062,2009/7/3,2.511
1063,2009/7/6,2.55
1064,2009/7/7,2.513
1065,2009/7/8,2.497
1066,2009/7/9,2.531
1067,2009/7/10,2.515
1068,2009/7/13,2.468
1069,2009/7/14,2.551
1070,2009/7/15,2.576
1071,2009/7/16,2.598
1072,2009/7/17,2.611
1073,2009/7/20,2.661
1074,2009/7/21,2.621
1075,2009/7/22,2.681
1076,2009/7/23,2.716
1077,2009/7/24,2.745
1078,2009/7/27,2.809
1079,2009/7/28,2.795
1080,2009/7/29,2.663
1081,2009/7/30,2.752
1082,2009/7/31,2.819
1083,2009/8/3,2.838
1084,2009/8/4,2.812
1085,2009/8/5,2.763
1086,2009/8/6,2.7
1087,2009/8/7,2.637
1088,2009/8/10,2.618
1089,2009/8/11,2.619
1090,2009/8/12,2.493
1091,2009/8/13,2.532
1092,2009/8/14,2.476
1093,2009/8/17,2.339
1094,2009/8/18,2.348
1095,2009/8/19,2.24
1096,2009/8/20,2.344
1097,2009/8/21,2.373
1098,2009/8/24,2.376
1099,2009/8/25,2.27
1100,2009/8/26,2.305
1101,2009/8/27,2.285
1102,2009/8/28,2.206
1103,2009/8/31,2.045
1104,2009/9/1,2.089
1105,2009/9/2,2.135
1106,2009/9/3,2.247
1107,2009/9/4,2.247
1108,2009/9/7,2.259
1109,2009/9/8,2.307
1110,2009/9/9,2.31
1111,2009/9/10,2.286
1112,2009/9/11,2.361
1113,2009/9/14,2.385
1114,2009/9/15,2.385
1115,2009/9/16,2.342
1116,2009/9/17,2.387
1117,2009/9/18,2.3
1118,2009/9/21,2.301
1119,2009/9/22,2.242
1120,2009/9/23,2.213
1121,2009/9/24,2.241
1122,2009/9/25,2.237
1123,2009/9/28,2.175
1124,2009/9/29,2.188
1125,2009/9/30,2.213
1126,2009/10/9,2.325
1127,2009/10/12,2.304
1128,2009/10/13,2.345
1129,2009/10/14,2.358
1130,2009/10/15,2.372
1131,2009/10/16,2.37
1132,2009/10/19,2.429
1133,2009/10/20,2.46
1134,2009/10/21,2.457
1135,2009/10/22,2.435
1136,2009/10/23,2.483
1137,2009/10/26,2.489
1138,2009/10/27,2.418
1139,2009/10/28,2.411
1140,2009/10/29,2.352
1141,2009/10/30,2.379
1142,2009/11/2,2.468
1143,2009/11/3,2.492
1144,2009/11/4,2.506
1145,2009/11/5,2.512
1146,2009/11/6,2.518
1147,2009/11/9,2.525
1148,2009/11/10,2.533
1149,2009/11/11,2.517
1150,2009/11/12,2.509
1151,2009/11/13,2.53
1152,2009/11/16,2.608
1153,2009/11/17,2.608
1154,2009/11/18,2.606
1155,2009/11/19,2.607
1156,2009/11/20,2.584
1157,2009/11/23,2.596
1158,2009/11/24,2.531
1159,2009/11/25,2.568
1160,2009/11/26,2.461
1161,2009/11/27,2.395
1162,2009/11/30,2.471
1163,2009/12/1,2.493
1164,2009/12/2,2.516
1165,2009/12/3,2.5
1166,2009/12/4,2.594
1167,2009/12/7,2.596
1168,2009/12/8,2.55
1169,2009/12/9,2.496
1170,2009/12/10,2.513
1171,2009/12/11,2.513
1172,2009/12/14,2.558
1173,2009/12/15,2.525
1174,2009/12/16,2.512
1175,2009/12/17,2.468
1176,2009/12/18,2.43
1177,2009/12/21,2.415
1178,2009/12/22,2.367
1179,2009/12/23,2.374
1180,2009/12/24,2.435
1181,2009/12/25,2.408
1182,2009/12/28,2.451
1183,2009/12/29,2.475
1184,2009/12/30,2.542
1185,2009/12/31,2.559
1186,2010/1/4,2.512
1187,2010/1/5,2.544
1188,2010/1/6,2.512
1189,2010/1/7,2.462
1190,2010/1/8,2.462
1191,2010/1/11,2.473
1192,2010/1/12,2.505
1193,2010/1/13,2.394
1194,2010/1/14,2.416
1195,2010/1/15,2.422
1196,2010/1/18,2.415
1197,2010/1/19,2.431
1198,2010/1/20,2.356
1199,2010/1/21,2.376
1200,2010/1/22,2.377
1201,2010/1/25,2.355
1202,2010/1/26,2.309
1203,2010/1/27,2.262
1204,2010/1/28,2.25
1205,2010/1/29,2.244
1206,2010/2/1,2.208
1207,2010/2/2,2.216
1208,2010/2/3,2.282
1209,2010/2/4,2.265
1210,2010/2/5,2.219
1211,2010/2/8,2.212
1212,2010/2/9,2.228
1213,2010/2/10,2.263
1214,2010/2/11,2.268
1215,2010/2/12,2.287
1216,2010/2/22,2.271
1217,2010/2/23,2.23
1218,2010/2/24,2.252
1219,2010/2/25,2.287
1220,2010/2/26,2.28
1221,2010/3/1,2.318
1222,2010/3/2,2.311
1223,2010/3/3,2.321
1224,2010/3/4,2.269
1225,2010/3/5,2.273
1226,2010/3/8,2.29
1227,2010/3/9,2.306
1228,2010/3/10,2.296
1229,2010/3/11,2.304
1230,2010/3/12,2.278
1231,2010/3/15,2.239
1232,2010/3/16,2.259
1233,2010/3/17,2.306
1234,2010/3/18,2.294
1235,2010/3/19,2.314
1236,2010/3/22,2.315
1237,2010/3/23,2.289
1238,2010/3/24,2.291
1239,2010/3/25,2.257
1240,2010/3/26,2.296
1241,2010/3/29,2.366
1242,2010/3/30,2.37
1243,2010/3/31,2.35
1244,2010/4/1,2.373
1245,2010/4/2,2.375
1246,2010/4/6,2.374
1247,2010/4/7,2.359
1248,2010/4/8,2.321
1249,2010/4/9,2.342
1250,2010/4/12,2.314
1251,2010/4/13,2.362
1252,2010/4/14,2.371
1253,2010/4/15,2.365
1254,2010/4/16,2.33
1255,2010/4/19,2.21
1256,2010/4/20,2.202
1257,2010/4/21,2.233
1258,2010/4/22,2.182
1259,2010/4/23,2.168
1260,2010/4/26,2.15
1261,2010/4/27,2.111
1262,2010/4/28,2.105
1263,2010/4/29,2.098
1264,2010/4/30,2.131
1265,2010/5/4,2.102
1266,2010/5/5,2.107
1267,2010/5/6,2.009
1268,2010/5/7,1.986
1269,2010/5/10,2.013
1270,2010/5/11,1.974
1271,2010/5/12,2.009
1272,2010/5/13,2.047
1273,2010/5/14,2.026
1274,2010/5/17,1.935
1275,2010/5/18,1.977
1276,2010/5/19,1.966
1277,2010/5/20,1.932
1278,2010/5/21,1.952
1279,2010/5/24,2.016
1280,2010/5/25,1.963
1281,2010/5/26,1.964
1282,2010/5/27,1.994
1283,2010/5/28,1.983
1284,2010/5/31,1.94
1285,2010/6/1,1.921
1286,2010/6/2,1.918
1287,2010/6/3,1.907
1288,2010/6/4,1.906
1289,2010/6/7,1.867
1290,2010/6/8,1.859
1291,2010/6/9,1.921
1292,2010/6/10,1.89
1293,2010/6/11,1.897
1294,2010/6/17,1.896
1295,2010/6/18,1.88
1296,2010/6/21,1.948
1297,2010/6/22,1.945
1298,2010/6/23,1.926
1299,2010/6/24,1.937
1300,2010/6/25,1.931
1301,2010/6/28,1.932
1302,2010/6/29,1.853
1303,2010/6/30,1.835
1304,2010/7/1,1.823
1305,2010/7/2,1.837
1306,2010/7/5,1.819
1307,2010/7/6,1.849
1308,2010/7/7,1.85
1309,2010/7/8,1.855
1310,2010/7/9,1.897
1311,2010/7/12,1.908
1312,2010/7/13,1.879
1313,2010/7/14,1.891
1314,2010/7/15,1.861
1315,2010/7/16,1.858
1316,2010/7/19,1.902
1317,2010/7/20,1.936
1318,2010/7/21,1.936
1319,2010/7/22,1.959
1320,2010/7/23,1.971
1321,2010/7/26,1.974
1322,2010/7/27,1.962
1323,2010/7/28,2.018
1324,2010/7/29,2.021
1325,2010/7/30,2.016
1326,2010/8/2,2.049
1327,2010/8/3,2.005
1328,2010/8/4,2.012
1329,2010/8/5,1.983
1330,2010/8/6,2.014
1331,2010/8/9,2.016
1332,2010/8/10,1.966
1333,2010/8/11,1.968
1334,2010/8/12,1.945
1335,2010/8/13,1.961
1336,2010/8/16,2.004
1337,2010/8/17,2.014
1338,2010/8/18,2.005
1339,2010/8/19,2.026
1340,2010/8/20,1.998
1341,2010/8/23,1.993
1342,2010/8/24,1.99
1343,2010/8/25,1.949
1344,2010/8/26,1.944
1345,2010/8/27,1.948
1346,2010/8/30,1.974
1347,2010/8/31,1.955
1348,2010/9/1,1.948
1349,2010/9/2,1.967
1350,2010/9/3,1.959
1351,2010/9/6,2.01
1352,2010/9/7,2.004
1353,2010/9/8,1.988
1354,2010/9/9,1.951
1355,2010/9/10,1.947
1356,2010/9/13,1.956
1357,2010/9/14,1.956
1358,2010/9/15,1.923
1359,2010/9/16,1.893
1360,2010/9/17,1.891
1361,2010/9/20,1.897
1362,2010/9/21,1.898
1363,2010/9/27,1.914
1364,2010/9/28,1.897
1365,2010/9/29,1.903
1366,2010/9/30,1.948
1367,2010/10/8,2.026
1368,2010/10/11,2.101
1369,2010/10/12,2.126
1370,2010/10/13,2.16
1371,2010/10/14,2.189
1372,2010/10/15,2.278
1373,2010/10/18,2.264
1374,2010/10/19,2.307
1375,2010/10/20,2.306
1376,2010/10/21,2.268
1377,2010/10/22,2.256
1378,2010/10/25,2.324
1379,2010/10/26,2.294
1380,2010/10/27,2.246
1381,2010/10/28,2.247
1382,2010/10/29,2.214
1383,2010/11/1,2.268
1384,2010/11/2,2.256
1385,2010/11/3,2.251
1386,2010/11/4,2.279
1387,2010/11/5,2.303
1388,2010/11/8,2.311
1389,2010/11/9,2.278
1390,2010/11/10,2.244
1391,2010/11/11,2.273
1392,2010/11/12,2.15
1393,2010/11/15,2.141
1394,2010/11/16,2.02
1395,2010/11/17,2.001
1396,2010/11/18,2.024
1397,2010/11/19,2.027
1398,2010/11/22,2.005
1399,2010/11/23,1.964
1400,2010/11/24,2.005
1401,2010/11/25,2.035
1402,2010/11/26,2.013
1403,2010/11/29,2.007
1404,2010/11/30,1.977
1405,2010/12/1,1.978
1406,2010/12/2,1.993
1407,2010/12/3,2.001
1408,2010/12/6,2.027
1409,2010/12/7,2.038
1410,2010/12/8,2.013
1411,2010/12/9,1.992
1412,2010/12/10,2.015
1413,2010/12/13,2.07
1414,2010/12/14,2.063
1415,2010/12/15,2.05
1416,2010/12/16,2.031
1417,2010/12/17,2.027
1418,2010/12/20,1.993
1419,2010/12/21,2.044
1420,2010/12/22,2.015
1421,2010/12/23,2.012
1422,2010/12/24,2.007
1423,2010/12/27,1.972
1424,2010/12/28,1.948
1425,2010/12/29,1.948
1426,2010/12/30,1.937
1427,2010/12/31,1.968
1428,2011/1/4,2.009
1429,2011/1/5,1.993
1430,2011/1/6,1.98
1431,2011/1/7,2.0
1432,2011/1/10,1.973
1433,2011/1/11,1.994
1434,2011/1/12,2.01
1435,2011/1/13,2.008
1436,2011/1/14,1.976
1437,2011/1/17,1.912
1438,2011/1/18,1.92
1439,2011/1/19,1.948
1440,2011/1/20,1.893
1441,2011/1/21,1.918
1442,2011/1/24,1.905
1443,2011/1/25,1.907
1444,2011/1/26,1.923
1445,2011/1/27,1.943
1446,2011/1/28,1.938
1447,2011/1/31,1.956
1448,2011/2/1,1.964
1449,2011/2/9,1.936
1450,2011/2/10,1.969
1451,2011/2/11,1.968
1452,2011/2/14,2.041
1453,2011/2/15,2.038
1454,2011/2/16,2.043
1455,2011/2/17,2.04
1456,2011/2/18,2.023
1457,2011/2/21,2.041
1458,2011/2/22,1.986
1459,2011/2/23,1.986
1460,2011/2/24,1.993
1461,2011/2/25,1.997
1462,2011/2/28,2.01
1463,2011/3/1,2.024
1464,2011/3/2,2.031
1465,2011/3/3,2.042
1466,2011/3/4,2.074
1467,2011/3/7,2.114
1468,2011/3/8,2.111
1469,2011/3/9,2.109
1470,2011/3/10,2.064
1471,2011/3/11,2.038
1472,2011/3/14,2.042
1473,2011/3/15,2.008
1474,2011/3/16,2.039
1475,2011/3/17,2.013
1476,2011/3/18,2.025
1477,2011/3/21,2.026
1478,2011/3/22,2.046
1479,2011/3/23,2.072
1480,2011/3/24,2.056
1481,2011/3/25,2.089
1482,2011/3/28,2.092
1483,2011/3/29,2.086
1484,2011/3/30,2.091
1485,2011/3/31,2.074
1486,2011/4/1,2.117
1487,2011/4/6,2.163
1488,2011/4/7,2.162
1489,2011/4/8,2.175
1490,2011/4/11,2.164
1491,2011/4/12,2.151
1492,2011/4/13,2.19
1493,2011/4/14,2.176
1494,2011/4/15,2.189
1495,2011/4/18,2.188
1496,2011/4/19,2.14
1497,2011/4/20,2.133
1498,2011/4/21,2.148
1499,2011/4/22,2.142
1500,2011/4/25,2.116
1501,2011/4/26,2.109
1502,2011/4/27,2.103
1503,2011/4/28,2.108
1504,2011/4/29,2.103
1505,2011/5/3,2.102
1506,2011/5/4,2.042
1507,2011/5/5,2.037
1508,2011/5/6,2.025
1509,2011/5/9,2.023
1510,2011/5/10,2.044
1511,2011/5/11,2.037
1512,2011/5/12,2.008
1513,2011/5/13,2.031
1514,2011/5/16,2.005
1515,2011/5/17,2.022
1516,2011/5/18,2.041
1517,2011/5/19,2.033
1518,2011/5/20,2.039
1519,2011/5/23,1.981
1520,2011/5/24,1.982
1521,2011/5/25,1.961
1522,2011/5/26,1.965
1523,2011/5/27,1.968
1524,2011/5/30,1.97
1525,2011/5/31,1.998
1526,2011/6/1,1.99
1527,2011/6/2,1.951
1528,2011/6/3,1.966
1529,2011/6/7,1.973
1530,2011/6/8,1.971
1531,2011/6/9,1.942
1532,2011/6/10,1.947
1533,2011/6/13,1.941
1534,2011/6/14,1.966
1535,2011/6/15,1.953
1536,2011/6/16,1.93
1537,2011/6/17,1.917
1538,2011/6/20,1.909
1539,2011/6/21,1.925
1540,2011/6/22,1.924
1541,2011/6/23,1.956
1542,2011/6/24,2.001
1543,2011/6/27,1.997
1544,2011/6/28,1.997
1545,2011/6/29,1.964
1546,2011/6/30,1.998
1547,2011/7/1,1.995
1548,2011/7/4,2.048
1549,2011/7/5,2.039
1550,2011/7/6,2.026
1551,2011/7/7,2.018
1552,2011/7/8,2.027
1553,2011/7/11,2.021
1554,2011/7/12,1.98
1555,2011/7/13,2.009
1556,2011/7/14,2.016
1557,2011/7/15,2.021
1558,2011/7/18,2.014
1559,2011/7/19,2.0
1560,2011/7/20,1.995
1561,2011/7/21,1.973
1562,2011/7/22,1.976
1563,2011/7/25,1.923
1564,2011/7/26,1.927
1565,2011/7/27,1.931
1566,2011/7/28,1.913
1567,2011/7/29,1.925
1568,2011/8/1,1.926
1569,2011/8/2,1.909
1570,2011/8/3,1.907
1571,2011/8/4,1.908
1572,2011/8/5,1.868
1573,2011/8/8,1.809
1574,2011/8/9,1.817
1575,2011/8/10,1.829
1576,2011/8/11,1.854
1577,2011/8/12,1.848
1578,2011/8/15,1.889
1579,2011/8/16,1.875
1580,2011/8/17,1.868
1581,2011/8/18,1.835
1582,2011/8/19,1.82
1583,2011/8/22,1.803
1584,2011/8/23,1.835
1585,2011/8/24,1.821
1586,2011/8/25,1.892
1587,2011/8/26,1.888
1588,2011/8/29,1.851
1589,2011/8/30,1.846
1590,2011/8/31,1.855
1591,2011/9/1,1.853
1592,2011/9/2,1.834
1593,2011/9/5,1.804
1594,2011/9/6,1.795
1595,2011/9/7,1.827
1596,2011/9/8,1.815
1597,2011/9/9,1.814
1598,2011/9/13,1.797
1599,2011/9/14,1.8
1600,2011/9/15,1.793
1601,2011/9/16,1.797
1602,2011/9/19,1.766
1603,2011/9/20,1.773
1604,2011/9/21,1.822
1605,2011/9/22,1.769
1606,2011/9/23,1.755
1607,2011/9/26,1.704
1608,2011/9/27,1.727
1609,2011/9/28,1.71
1610,2011/9/29,1.707
1611,2011/9/30,1.703
1612,2011/10/10,1.686
1613,2011/10/11,1.689
1614,2011/10/12,1.755
1615,2011/10/13,1.76
1616,2011/10/14,1.761
1617,2011/10/17,1.775
1618,2011/10/18,1.723
1619,2011/10/19,1.724
1620,2011/10/20,1.687
1621,2011/10/21,1.692
1622,2011/10/24,1.743
1623,2011/10/25,1.768
1624,2011/10/26,1.78
1625,2011/10/27,1.787
1626,2011/10/28,1.824
1627,2011/10/31,1.805
1628,2011/11/1,1.811
1629,2011/11/2,1.843
1630,2011/11/3,1.833
1631,2011/11/4,1.848
1632,2011/11/7,1.823
1633,2011/11/8,1.826
1634,2011/11/9,1.838
1635,2011/11/10,1.798
1636,2011/11/11,1.795
1637,2011/11/14,1.829
1638,2011/11/15,1.819
1639,2011/11/16,1.769
1640,2011/11/17,1.762
1641,2011/11/18,1.735
1642,2011/11/21,1.735
1643,2011/11/22,1.735
1644,2011/11/23,1.717
1645,2011/11/24,1.718
1646,2011/11/25,1.704
1647,2011/11/28,1.71
1648,2011/11/29,1.728
1649,2011/11/30,1.676
1650,2011/12/1,1.727
1651,2011/12/2,1.717
1652,2011/12/5,1.709
1653,2011/12/6,1.704
1654,2011/12/7,1.717
1655,2011/12/8,1.716
1656,2011/12/9,1.708
1657,2011/12/12,1.696
1658,2011/12/13,1.662
1659,2011/12/14,1.653
1660,2011/12/15,1.613
1661,2011/12/16,1.641
1662,2011/12/19,1.637
1663,2011/12/20,1.638
1664,2011/12/21,1.617
1665,2011/12/22,1.62
1666,2011/12/23,1.632
1667,2011/12/26,1.616
1668,2011/12/27,1.606
1669,2011/12/28,1.607
1670,2011/12/29,1.609
1671,2011/12/30,1.629
1672,2012/1/4,1.61
1673,2012/1/5,1.611
1674,2012/1/6,1.621
1675,2012/1/9,1.677
1676,2012/1/10,1.721
1677,2012/1/11,1.711
1678,2012/1/12,1.717
1679,2012/1/13,1.7
1680,2012/1/16,1.677
1681,2012/1/17,1.757
1682,2012/1/18,1.729
1683,2012/1/19,1.768
1684,2012/1/20,1.794
1685,2012/1/30,1.762
1686,2012/1/31,1.758
1687,2012/2/1,1.728
1688,2012/2/2,1.777
1689,2012/2/3,1.785
1690,2012/2/6,1.782
1691,2012/2/7,1.746
1692,2012/2/8,1.799
1693,2012/2/9,1.792
1694,2012/2/10,1.793
1695,2012/2/13,1.782
1696,2012/2/14,1.772
1697,2012/2/15,1.787
1698,2012/2/16,1.775
1699,2012/2/17,1.78
1700,2012/2/20,1.784
1701,2012/2/21,1.793
1702,2012/2/22,1.808
1703,2012/2/23,1.812
1704,2012/2/24,1.841
1705,2012/2/27,1.844
1706,2012/2/28,1.855
1707,2012/2/29,1.836
1708,2012/3/1,1.834
1709,2012/3/2,1.856
1710,2012/3/5,1.844
1711,2012/3/6,1.809
1712,2012/3/7,1.79
1713,2012/3/8,1.81
1714,2012/3/9,1.823
1715,2012/3/12,1.808
1716,2012/3/13,1.825
1717,2012/3/14,1.792
1718,2012/3/15,1.777
1719,2012/3/16,1.79
1720,2012/3/19,1.791
1721,2012/3/20,1.766
1722,2012/3/21,1.771
1723,2012/3/22,1.774
1724,2012/3/23,1.759
1725,2012/3/26,1.763
1726,2012/3/27,1.763
1727,2012/3/28,1.725
1728,2012/3/29,1.704
1729,2012/3/30,1.719
1730,2012/4/5,1.745
1731,2012/4/6,1.749
1732,2012/4/9,1.735
1733,2012/4/10,1.747
1734,2012/4/11,1.745
1735,2012/4/12,1.783
1736,2012/4/13,1.789
1737,2012/4/16,1.78
1738,2012/4/17,1.76
1739,2012/4/18,1.8
1740,2012/4/19,1.799
1741,2012/4/20,1.826
1742,2012/4/23,1.812
1743,2012/4/24,1.819
1744,2012/4/25,1.828
1745,2012/4/26,1.833
1746,2012/4/27,1.835
1747,2012/5/2,1.877
1748,2012/5/3,1.877
1749,2012/5/4,1.886
1750,2012/5/7,1.877
1751,2012/5/8,1.872
1752,2012/5/9,1.842
1753,2012/5/10,1.841
1754,2012/5/11,1.829
1755,2012/5/14,1.814
1756,2012/5/15,1.811
1757,2012/5/16,1.775
1758,2012/5/17,1.803
1759,2012/5/18,1.778
1760,2012/5/21,1.786
1761,2012/5/22,1.813
1762,2012/5/23,1.803
1763,2012/5/24,1.793
1764,2012/5/25,1.777
1765,2012/5/28,1.803
1766,2012/5/29,1.829
1767,2012/5/30,1.817
1768,2012/5/31,1.808
1769,2012/6/1,1.812
1770,2012/6/4,1.767
1771,2012/6/5,1.767
1772,2012/6/6,1.772
1773,2012/6/7,1.766
1774,2012/6/8,1.749
1775,2012/6/11,1.768
1776,2012/6/12,1.757
1777,2012/6/13,1.783
1778,2012/6/14,1.773
1779,2012/6/15,1.79
1780,2012/6/18,1.791
1781,2012/6/19,1.783
1782,2012/6/20,1.786
1783,2012/6/21,1.757
1784,2012/6/25,1.723
1785,2012/6/26,1.729
1786,2012/6/27,1.723
1787,2012/6/28,1.713
1788,2012/6/29,1.735
1789,2012/7/2,1.732
1790,2012/7/3,1.737
1791,2012/7/4,1.738
1792,2012/7/5,1.724
1793,2012/7/6,1.741
1794,2012/7/9,1.699
1795,2012/7/10,1.697
1796,2012/7/11,1.703
1797,2012/7/12,1.712
1798,2012/7/13,1.716
1799,2012/7/16,1.693
1800,2012/7/17,1.701
1801,2012/7/18,1.696
1802,2012/7/19,1.706
1803,2012/7/20,1.693
1804,2012/7/23,1.664
1805,2012/7/24,1.666
1806,2012/7/25,1.662
1807,2012/7/26,1.66
1808,2012/7/27,1.667
1809,2012/7/30,1.664
1810,2012/7/31,1.67
1811,2012/8/1,1.679
1812,2012/8/2,1.673
1813,2012/8/3,1.678
1814,2012/8/6,1.692
1815,2012/8/7,1.692
1816,2012/8/8,1.698
1817,2012/8/9,1.708
1818,2012/8/10,1.702
1819,2012/8/13,1.671
1820,2012/8/14,1.667
1821,2012/8/15,1.646
1822,2012/8/16,1.643
1823,2012/8/17,1.643
1824,2012/8/20,1.63
1825,2012/8/21,1.634
1826,2012/8/22,1.625
1827,2012/8/23,1.632
1828,2012/8/24,1.625
1829,2012/8/27,1.593
1830,2012/8/28,1.605
1831,2012/8/29,1.59
1832,2012/8/30,1.592
1833,2012/8/31,1.592
1834,2012/9/3,1.597
1835,2012/9/4,1.584
1836,2012/9/5,1.573
1837,2012/9/6,1.587
1838,2012/9/7,1.661
1839,2012/9/10,1.66
1840,2012/9/11,1.647
1841,2012/9/12,1.648
1842,2012/9/13,1.637
1843,2012/9/14,1.652
1844,2012/9/17,1.623
1845,2012/9/18,1.605
1846,2012/9/19,1.606
1847,2012/9/20,1.58
1848,2012/9/21,1.584
1849,2012/9/24,1.59
1850,2012/9/25,1.591
1851,2012/9/26,1.579
1852,2012/9/27,1.621
1853,2012/9/28,1.652
1854,2012/10/8,1.635
1855,2012/10/9,1.666
1856,2012/10/10,1.663
1857,2012/10/11,1.655
1858,2012/10/12,1.655
1859,2012/10/15,1.65
1860,2012/10/16,1.651
1861,2012/10/17,1.656
1862,2012/10/18,1.678
1863,2012/10/19,1.677
1864,2012/10/22,1.683
1865,2012/10/23,1.666
1866,2012/10/24,1.663
1867,2012/10/25,1.651
1868,2012/10/26,1.619
1869,2012/10/29,1.607
1870,2012/10/30,1.611
1871,2012/10/31,1.625
1872,2012/11/1,1.655
1873,2012/11/2,1.664
1874,2012/11/5,1.66
1875,2012/11/6,1.655
1876,2012/11/7,1.655
1877,2012/11/8,1.629
1878,2012/11/9,1.627
1879,2012/11/12,1.636
1880,2012/11/13,1.577
1881,2012/11/14,1.583
1882,2012/11/15,1.564
1883,2012/11/16,1.55
1884,2012/11/19,1.548
1885,2012/11/20,1.54
1886,2012/11/21,1.561
1887,2012/11/22,1.556
1888,2012/11/23,1.566
1889,2012/11/26,1.562
1890,2012/11/27,1.553
1891,2012/11/28,1.542
1892,2012/11/29,1.536
1893,2012/11/30,1.544
1894,2012/12/3,1.533
1895,2012/12/4,1.547
1896,2012/12/5,1.599
1897,2012/12/6,1.599
1898,2012/12/7,1.633
1899,2012/12/10,1.65
1900,2012/12/11,1.644
1901,2012/12/12,1.657
1902,2012/12/13,1.638
1903,2012/12/14,1.725
1904,2012/12/17,1.736
1905,2012/12/18,1.741
1906,2012/12/19,1.74
1907,2012/12/20,1.748
1908,2012/12/21,1.735
1909,2012/12/24,1.747
1910,2012/12/25,1.793
1911,2012/12/26,1.799
1912,2012/12/27,1.786
1913,2012/12/28,1.814
1914,2012/12/31,1.854
1915,2013/1/4,1.867
1916,2013/1/7,1.876
1917,2013/1/8,1.853
1918,2013/1/9,1.848
1919,2013/1/10,1.849
1920,2013/1/11,1.817
1921,2013/1/14,1.886
1922,2013/1/15,1.893
1923,2013/1/16,1.871
1924,2013/1/17,1.852
1925,2013/1/18,1.882
1926,2013/1/21,1.892
1927,2013/1/22,1.893
1928,2013/1/23,1.901
1929,2013/1/24,1.895
1930,2013/1/25,1.885
1931,2013/1/28,1.949
1932,2013/1/29,1.975
1933,2013/1/30,1.981
1934,2013/1/31,1.987
1935,2013/2/1,2.048
1936,2013/2/4,2.055
1937,2013/2/5,2.059
1938,2013/2/6,2.072
1939,2013/2/7,2.046
1940,2013/2/8,2.035
1941,2013/2/18,2.011
1942,2013/2/19,1.978
1943,2013/2/20,1.973
1944,2013/2/21,1.893
1945,2013/2/22,1.88
1946,2013/2/25,1.888
1947,2013/2/26,1.862
1948,2013/2/27,1.885
1949,2013/2/28,1.952
1950,2013/3/1,1.944
1951,2013/3/4,1.841
1952,2013/3/5,1.913
1953,2013/3/6,1.932
1954,2013/3/7,1.899
1955,2013/3/8,1.9
1956,2013/3/11,1.879
1957,2013/3/12,1.853
1958,2013/3/13,1.834
1959,2013/3/14,1.839
1960,2013/3/15,1.845
1961,2013/3/18,1.812
1962,2013/3/19,1.83
1963,2013/3/20,1.903
1964,2013/3/21,1.901
1965,2013/3/22,1.903
1966,2013/3/25,1.901
1967,2013/3/26,1.86
1968,2013/3/27,1.865
1969,2013/3/28,1.788
1970,2013/3/29,1.788
1971,2013/4/1,1.783
1972,2013/4/2,1.786
1973,2013/4/3,1.788
1974,2013/4/8,1.77
1975,2013/4/9,1.787
1976,2013/4/10,1.788
1977,2013/4/11,1.787
1978,2013/4/12,1.776
1979,2013/4/15,1.762
1980,2013/4/16,1.77
1981,2013/4/17,1.761
1982,2013/4/18,1.766
1983,2013/4/19,1.826
1984,2013/4/22,1.823
1985,2013/4/23,1.763
1986,2013/4/24,1.79
1987,2013/4/25,1.777
1988,2013/4/26,1.765
1989,2013/5/2,1.765
1990,2013/5/3,1.796
1991,2013/5/6,1.813
1992,2013/5/7,1.817
1993,2013/5/8,1.822
1994,2013/5/9,1.808
1995,2013/5/10,1.819
1996,2013/5/13,1.809
1997,2013/5/14,1.785
1998,2013/5/15,1.786
1999,2013/5/16,1.819
2000,2013/5/17,1.843
2001,2013/5/20,1.861
2002,2013/5/21,1.852
2003,2013/5/22,1.856
2004,2013/5/23,1.823
2005,2013/5/24,1.829
2006,2013/5/27,1.825
2007,2013/5/28,1.871
2008,2013/5/29,1.861
2009,2013/5/30,1.855
2010,2013/5/31,1.84
2011,2013/6/3,1.844
2012,2013/6/4,1.826
2013,2013/6/5,1.813
2014,2013/6/6,1.794
2015,2013/6/7,1.77
2016,2013/6/13,1.725
2017,2013/6/14,1.726
2018,2013/6/17,1.711
2019,2013/6/18,1.722
2020,2013/6/19,1.707
2021,2013/6/20,1.653
2022,2013/6/21,1.65
2023,2013/6/24,1.545
2024,2013/6/25,1.55
2025,2013/6/26,1.529
2026,2013/6/27,1.535
2027,2013/6/28,1.58
2028,2013/7/1,1.575
2029,2013/7/2,1.568
2030,2013/7/3,1.554
2031,2013/7/4,1.566
2032,2013/7/5,1.574
2033,2013/7/8,1.545
2034,2013/7/9,1.541
2035,2013/7/10,1.584
2036,2013/7/11,1.684
2037,2013/7/12,1.632
2038,2013/7/15,1.648
2039,2013/7/16,1.648
2040,2013/7/17,1.627
2041,2013/7/18,1.593
2042,2013/7/19,1.555
2043,2013/7/22,1.557
2044,2013/7/23,1.6
2045,2013/7/24,1.58
2046,2013/7/25,1.579
2047,2013/7/26,1.57
2048,2013/7/29,1.532
2049,2013/7/30,1.549
2050,2013/7/31,1.551
2051,2013/8/1,1.588
2052,2013/8/2,1.586
2053,2013/8/5,1.603
2054,2013/8/6,1.605
2055,2013/8/7,1.598
2056,2013/8/8,1.595
2057,2013/8/9,1.604
2058,2013/8/12,1.663
2059,2013/8/13,1.67
2060,2013/8/14,1.663
2061,2013/8/15,1.646
2062,2013/8/16,1.646
2063,2013/8/19,1.657
2064,2013/8/20,1.646
2065,2013/8/21,1.639
2066,2013/8/22,1.634
2067,2013/8/23,1.618
2068,2013/8/26,1.655
2069,2013/8/27,1.653
2070,2013/8/28,1.647
2071,2013/8/29,1.641
2072,2013/8/30,1.645
2073,2013/9/2,1.648
2074,2013/9/3,1.668
2075,2013/9/4,1.67
2076,2013/9/5,1.665
2077,2013/9/6,1.683
2078,2013/9/9,1.772
2079,2013/9/10,1.799
2080,2013/9/11,1.803
2081,2013/9/12,1.833
2082,2013/9/13,1.811
2083,2013/9/16,1.797
2084,2013/9/17,1.757
2085,2013/9/18,1.759
2086,2013/9/23,1.769
2087,2013/9/24,1.731
2088,2013/9/25,1.717
2089,2013/9/26,1.689
2090,2013/9/27,1.695
2091,2013/9/30,1.697
2092,2013/10/8,1.717
2093,2013/10/9,1.723
2094,2013/10/10,1.694
2095,2013/10/11,1.725
2096,2013/10/14,1.718
2097,2013/10/15,1.71
2098,2013/10/16,1.689
2099,2013/10/17,1.681
2100,2013/10/18,1.693
2101,2013/10/21,1.714
2102,2013/10/22,1.694
2103,2013/10/23,1.693
2104,2013/10/24,1.674
2105,2013/10/25,1.663
2106,2013/10/28,1.665
2107,2013/10/29,1.686
2108,2013/10/30,1.708
2109,2013/10/31,1.685
2110,2013/11/1,1.7
2111,2013/11/4,1.693
2112,2013/11/5,1.687
2113,2013/11/6,1.669
2114,2013/11/7,1.664
2115,2013/11/8,1.639
2116,2013/11/11,1.641
2117,2013/11/12,1.663
2118,2013/11/13,1.621
2119,2013/11/14,1.622
2120,2013/11/15,1.6
2121,2013/11/18,1.675
2122,2013/11/19,1.656
2123,2013/11/20,1.66
2124,2013/11/21,1.644
2125,2013/11/22,1.639
2126,2013/11/25,1.63
2127,2013/11/26,1.627
2128,2013/11/27,1.643
2129,2013/11/28,1.659
2130,2013/11/29,1.656
2131,2013/12/2,1.675
2132,2013/12/3,1.676
2133,2013/12/4,1.696
2134,2013/12/5,1.69
2135,2013/12/6,1.672
2136,2013/12/9,1.666
2137,2013/12/10,1.668
2138,2013/12/11,1.639
2139,2013/12/12,1.629
2140,2013/12/13,1.627
2141,2013/12/16,1.603
2142,2013/12/17,1.595
2143,2013/12/18,1.599
2144,2013/12/19,1.581
2145,2013/12/20,1.543
2146,2013/12/23,1.542
2147,2013/12/24,1.54
2148,2013/12/25,1.546
2149,2013/12/26,1.527
2150,2013/12/27,1.549
2151,2013/12/30,1.548
2152,2013/12/31,1.571
2153,2014/1/2,1.558
2154,2014/1/3,1.535
2155,2014/1/6,1.513
2156,2014/1/7,1.512
2157,2014/1/8,1.513
2158,2014/1/9,1.503
2159,2014/1/10,1.497
2160,2014/1/13,1.491
2161,2014/1/14,1.495
2162,2014/1/15,1.487
2163,2014/1/16,1.49
2164,2014/1/17,1.473
2165,2014/1/20,1.465
2166,2014/1/21,1.474
2167,2014/1/22,1.513
2168,2014/1/23,1.499
2169,2014/1/24,1.499
2170,2014/1/27,1.478
2171,2014/1/28,1.486
2172,2014/1/29,1.492
2173,2014/1/30,1.475
2174,2014/2/7,1.472
2175,2014/2/10,1.501
2176,2014/2/11,1.526
2177,2014/2/12,1.522
2178,2014/2/13,1.527
2179,2014/2/14,1.53
2180,2014/2/17,1.534
2181,2014/2/18,1.506
2182,2014/2/19,1.529
2183,2014/2/20,1.518
2184,2014/2/21,1.502
2185,2014/2/24,1.467
2186,2014/2/25,1.44
2187,2014/2/26,1.44
2188,2014/2/27,1.451
2189,2014/2/28,1.461
2190,2014/3/3,1.458
2191,2014/3/4,1.459
2192,2014/3/5,1.444
2193,2014/3/6,1.456
2194,2014/3/7,1.452
2195,2014/3/10,1.408
2196,2014/3/11,1.41
2197,2014/3/12,1.414
2198,2014/3/13,1.434
2199,2014/3/14,1.422
2200,2014/3/17,1.434
2201,2014/3/18,1.425
2202,2014/3/19,1.419
2203,2014/3/20,1.408
2204,2014/3/21,1.463
2205,2014/3/24,1.476
2206,2014/3/25,1.465
2207,2014/3/26,1.463
2208,2014/3/27,1.464
2209,2014/3/28,1.471
2210,2014/3/31,1.464
2211,2014/4/1,1.469
2212,2014/4/2,1.488
2213,2014/4/3,1.475
2214,2014/4/4,1.488
2215,2014/4/8,1.532
2216,2014/4/9,1.528
2217,2014/4/10,1.567
2218,2014/4/11,1.561
2219,2014/4/14,1.552
2220,2014/4/15,1.522
2221,2014/4/16,1.522
2222,2014/4/17,1.516
2223,2014/4/18,1.515
2224,2014/4/21,1.489
2225,2014/4/22,1.505
2226,2014/4/23,1.505
2227,2014/4/24,1.509
2228,2014/4/25,1.5
2229,2014/4/28,1.483
2230,2014/4/29,1.493
2231,2014/4/30,1.492
2232,2014/5/5,1.483
2233,2014/5/6,1.481
2234,2014/5/7,1.473
2235,2014/5/8,1.476
2236,2014/5/9,1.476
2237,2014/5/12,1.503
2238,2014/5/13,1.496
2239,2014/5/14,1.498
2240,2014/5/15,1.484
2241,2014/5/16,1.481
2242,2014/5/19,1.457
2243,2014/5/20,1.455
2244,2014/5/21,1.469
2245,2014/5/22,1.466
2246,2014/5/23,1.48
2247,2014/5/26,1.482
2248,2014/5/27,1.478
2249,2014/5/28,1.488
2250,2014/5/29,1.482
2251,2014/5/30,1.477
2252,2014/6/3,1.473
2253,2014/6/4,1.464
2254,2014/6/5,1.481
2255,2014/6/6,1.469
2256,2014/6/9,1.472
2257,2014/6/10,1.49
2258,2014/6/11,1.484
2259,2014/6/12,1.481
2260,2014/6/13,1.5
2261,2014/6/16,1.516
2262,2014/6/17,1.502
2263,2014/6/18,1.496
2264,2014/6/19,1.478
2265,2014/6/20,1.485
2266,2014/6/23,1.48
2267,2014/6/24,1.489
2268,2014/6/25,1.482
2269,2014/6/26,1.49
2270,2014/6/27,1.486
2271,2014/6/30,1.497
2272,2014/7/1,1.493
2273,2014/7/2,1.501
2274,2014/7/3,1.505
2275,2014/7/4,1.51
2276,2014/7/7,1.511
2277,2014/7/8,1.508
2278,2014/7/9,1.492
2279,2014/7/10,1.491
2280,2014/7/11,1.498
2281,2014/7/14,1.511
2282,2014/7/15,1.513
2283,2014/7/16,1.512
2284,2014/7/17,1.507
2285,2014/7/18,1.516
2286,2014/7/21,1.515
2287,2014/7/22,1.533
2288,2014/7/23,1.545
2289,2014/7/24,1.58
2290,2014/7/25,1.596
2291,2014/7/28,1.647
2292,2014/7/29,1.65
2293,2014/7/30,1.642
2294,2014/7/31,1.666
2295,2014/8/1,1.649
2296,2014/8/4,1.685
2297,2014/8/5,1.672
2298,2014/8/6,1.658
2299,2014/8/7,1.633
2300,2014/8/8,1.637
2301,2014/8/11,1.659
2302,2014/8/12,1.647
2303,2014/8/13,1.651
2304,2014/8/14,1.637
2305,2014/8/15,1.653
2306,2014/8/18,1.654
2307,2014/8/19,1.649
2308,2014/8/20,1.645
2309,2014/8/21,1.629
2310,2014/8/22,1.635
2311,2014/8/25,1.62
2312,2014/8/26,1.617
2313,2014/8/27,1.615
2314,2014/8/28,1.612
2315,2014/8/29,1.623
2316,2014/9/1,1.626
2317,2014/9/2,1.649
2318,2014/9/3,1.667
2319,2014/9/4,1.679
2320,2014/9/5,1.699
2321,2014/9/9,1.685
2322,2014/9/10,1.671
2323,2014/9/11,1.666
2324,2014/9/12,1.675
2325,2014/9/15,1.669
2326,2014/9/16,1.644
2327,2014/9/17,1.648
2328,2014/9/18,1.652
2329,2014/9/19,1.665
2330,2014/9/22,1.628
2331,2014/9/23,1.64
2332,2014/9/24,1.672
2333,2014/9/25,1.661
2334,2014/9/26,1.662
2335,2014/9/29,1.667
2336,2014/9/30,1.666
2337,2014/10/8,1.676
2338,2014/10/9,1.677
2339,2014/10/10,1.664
2340,2014/10/13,1.653
2341,2014/10/14,1.643
2342,2014/10/15,1.66
2343,2014/10/16,1.655
2344,2014/10/17,1.65
2345,2014/10/20,1.655
2346,2014/10/21,1.646
2347,2014/10/22,1.644
2348,2014/10/23,1.632
2349,2014/10/24,1.629
2350,2014/10/27,1.604
2351,2014/10/28,1.629
2352,2014/10/29,1.651
2353,2014/10/30,1.663
2354,2014/10/31,1.705
2355,2014/11/3,1.695
2356,2014/11/4,1.69
2357,2014/11/5,1.685
2358,2014/11/6,1.682
2359,2014/11/7,1.687
2360,2014/11/10,1.735
2361,2014/11/11,1.757
2362,2014/11/12,1.776
2363,2014/11/13,1.775
2364,2014/11/14,1.774
2365,2014/11/17,1.709
2366,2014/11/18,1.684
2367,2014/11/19,1.675
2368,2014/11/20,1.678
2369,2014/11/21,1.72
2370,2014/11/24,1.759
2371,2014/11/25,1.774
2372,2014/11/26,1.816
2373,2014/11/27,1.851
2374,2014/11/28,1.912
2375,2014/12/1,1.918
2376,2014/12/2,2.023
2377,2014/12/3,2.033
2378,2014/12/4,2.179
2379,2014/12/5,2.196
2380,2014/12/8,2.312
2381,2014/12/9,2.169
2382,2014/12/10,2.239
2383,2014/12/11,2.182
2384,2014/12/12,2.182
2385,2014/12/15,2.184
2386,2014/12/16,2.281
2387,2014/12/17,2.356
2388,2014/12/18,2.338
2389,2014/12/19,2.368
2390,2014/12/22,2.405
2391,2014/12/23,2.353
2392,2014/12/24,2.256
2393,2014/12/25,2.344
2394,2014/12/26,2.452
2395,2014/12/29,2.459
2396,2014/12/30,2.492
2397,2014/12/31,2.552
2398,2015/1/5,2.622
2399,2015/1/6,2.592
2400,2015/1/7,2.588
2401,2015/1/8,2.518
2402,2015/1/9,2.524
2403,2015/1/12,2.5
2404,2015/1/13,2.485
2405,2015/1/14,2.494
2406,2015/1/15,2.586
2407,2015/1/16,2.604
2408,2015/1/19,2.344
2409,2015/1/20,2.361
2410,2015/1/21,2.503
2411,2015/1/22,2.499
2412,2015/1/23,2.524
2413,2015/1/26,2.519
2414,2015/1/27,2.478
2415,2015/1/28,2.442
2416,2015/1/29,2.4
2417,2015/1/30,2.367
2418,2015/2/2,2.299
2419,2015/2/3,2.367
2420,2015/2/4,2.334
2421,2015/2/5,2.316
2422,2015/2/6,2.291
2423,2015/2/9,2.331
2424,2015/2/10,2.369
2425,2015/2/11,2.38
2426,2015/2/12,2.384
2427,2015/2/13,2.39
2428,2015/2/16,2.394
2429,2015/2/17,2.411
2430,2015/2/25,2.37
2431,2015/2/26,2.45
2432,2015/2/27,2.438
2433,2015/3/2,2.441
2434,2015/3/3,2.364
2435,2015/3/4,2.362
2436,2015/3/5,2.334
2437,2015/3/6,2.339
2438,2015/3/9,2.397
2439,2015/3/10,2.359
2440,2015/3/11,2.374
2441,2015/3/12,2.448
2442,2015/3/13,2.455
2443,2015/3/16,2.51
2444,2015/3/17,2.543
2445,2015/3/18,2.611
2446,2015/3/19,2.587
2447,2015/3/20,2.635
2448,2015/3/23,2.676
2449,2015/3/24,2.638
2450,2015/3/25,2.604
2451,2015/3/26,2.643
2452,2015/3/27,2.649
2453,2015/3/30,2.74
2454,2015/3/31,2.707
2455,2015/4/1,2.753
2456,2015/4/2,2.739
2457,2015/4/3,2.773
2458,2015/4/7,2.842
2459,2015/4/8,2.898
2460,2015/4/9,2.877
2461,2015/4/10,2.936
2462,2015/4/13,2.991
2463,2015/4/14,2.999
2464,2015/4/15,3.011
2465,2015/4/16,3.145
2466,2015/4/17,3.185
2467,2015/4/20,3.103
2468,2015/4/21,3.141
2469,2015/4/22,3.241
2470,2015/4/23,3.212
2471,2015/4/24,3.171
2472,2015/4/27,3.255
2473,2015/4/28,3.228
2474,2015/4/29,3.22
2475,2015/4/30,3.198
2476,2015/5/4,3.211
2477,2015/5/5,3.096
2478,2015/5/6,3.083
2479,2015/5/7,3.045
2480,2015/5/8,3.055
2481,2015/5/11,3.11
2482,2015/5/12,3.129
2483,2015/5/13,3.084
2484,2015/5/14,3.073
2485,2015/5/15,3.006
2486,2015/5/18,2.946
2487,2015/5/19,3.066
2488,2015/5/20,3.066
2489,2015/5/21,3.104
2490,2015/5/22,3.199
2491,2015/5/25,3.303
2492,2015/5/26,3.32
2493,2015/5/27,3.285
2494,2015/5/28,3.079
2495,2015/5/29,3.066
2496,2015/6/1,3.198
2497,2015/6/2,3.209
2498,2015/6/3,3.191
2499,2015/6/4,3.259
2500,2015/6/5,3.254
2501,2015/6/8,3.427
2502,2015/6/9,3.361
2503,2015/6/10,3.32
2504,2015/6/11,3.3
2505,2015/6/12,3.313
2506,2015/6/15,3.216
2507,2015/6/16,3.148
2508,2015/6/17,3.175
2509,2015/6/18,3.042
2510,2015/6/19,2.874
2511,2015/6/23,2.976
2512,2015/6/24,3.018
2513,2015/6/25,2.919
2514,2015/6/26,2.686
2515,2015/6/29,2.66
2516,2015/6/30,2.851
2517,2015/7/1,2.728
2518,2015/7/2,2.684
2519,2015/7/3,2.579
2520,2015/7/6,2.742
2521,2015/7/7,2.79
2522,2015/7/8,2.604
2523,2015/7/9,2.792
2524,2015/7/10,2.905
2525,2015/7/13,2.862
2526,2015/7/14,2.762
2527,2015/7/15,2.749
2528,2015/7/16,2.74
2529,2015/7/17,2.803
2530,2015/7/20,2.777
2531,2015/7/21,2.768
2532,2015/7/22,2.737
2533,2015/7/23,2.794
2534,2015/7/24,2.745
2535,2015/7/27,2.494
2536,2015/7/28,2.484
2537,2015/7/29,2.534
2538,2015/7/30,2.469
2539,2015/7/31,2.462
2540,2015/8/3,2.478
2541,2015/8/4,2.54
2542,2015/8/5,2.491
2543,2015/8/6,2.471
2544,2015/8/7,2.504
2545,2015/8/10,2.616
2546,2015/8/11,2.59
2547,2015/8/12,2.564
2548,2015/8/13,2.576
2549,2015/8/14,2.575
2550,2015/8/17,2.548
2551,2015/8/18,2.41
2552,2015/8/19,2.427
2553,2015/8/20,2.361
2554,2015/8/21,2.274
2555,2015/8/24,2.047
2556,2015/8/25,1.886
2557,2015/8/26,1.946
2558,2015/8/27,2.11
2559,2015/8/28,2.168
2560,2015/8/31,2.209
2561,2015/9/1,2.228
2562,2015/9/2,2.236
2563,2015/9/7,2.14
2564,2015/9/8,2.177
2565,2015/9/9,2.209
2566,2015/9/10,2.206
2567,2015/9/11,2.193
2568,2015/9/14,2.223
2569,2015/9/15,2.167
2570,2015/9/16,2.242
2571,2015/9/17,2.198
2572,2015/9/18,2.198
2573,2015/9/21,2.212
2574,2015/9/22,2.237
2575,2015/9/23,2.18
2576,2015/9/24,2.187
2577,2015/9/25,2.171
2578,2015/9/28,2.174
2579,2015/9/29,2.127
2580,2015/9/30,2.147
2581,2015/10/8,2.196
2582,2015/10/9,2.221
2583,2015/10/12,2.288
2584,2015/10/13,2.279
2585,2015/10/14,2.258
2586,2015/10/15,2.304
2587,2015/10/16,2.322
2588,2015/10/19,2.32
2589,2015/10/20,2.341
2590,2015/10/21,2.32
2591,2015/10/22,2.333
2592,2015/10/23,2.35
2593,2015/10/26,2.35
2594,2015/10/27,2.348
2595,2015/10/28,2.308
2596,2015/10/29,2.311
2597,2015/10/30,2.31
2598,2015/11/2,2.283
2599,2015/11/3,2.272
2600,2015/11/4,2.386
2601,2015/11/5,2.445
2602,2015/11/6,2.499
2603,2015/11/9,2.532
2604,2015/11/10,2.521
2605,2015/11/11,2.504
2606,2015/11/12,2.47
2607,2015/11/13,2.444
2608,2015/11/16,2.449
2609,2015/11/17,2.45
2610,2015/11/18,2.438
2611,2015/11/19,2.471
2612,2015/11/20,2.459
2613,2015/11/23,2.45
2614,2015/11/24,2.444
2615,2015/11/25,2.454
2616,2015/11/26,2.447
2617,2015/11/27,2.318
2618,2015/11/30,2.329
2619,2015/12/1,2.339
2620,2015/12/2,2.462
2621,2015/12/3,2.46
2622,2015/12/4,2.398
2623,2015/12/7,2.39
2624,2015/12/8,2.366
2625,2015/12/9,2.369
2626,2015/12/10,2.355
2627,2015/12/11,2.344
2628,2015/12/14,2.415
2629,2015/12/15,2.382
2630,2015/12/16,2.372
2631,2015/12/17,2.401
2632,2015/12/18,2.422
2633,2015/12/21,2.499
2634,2015/12/22,2.49
2635,2015/12/23,2.499
2636,2015/12/24,2.478
2637,2015/12/25,2.486
2638,2015/12/28,2.412
2639,2015/12/29,2.432
2640,2015/12/30,2.424
2641,2015/12/31,2.416
2642,2016/1/4,2.278
2643,2016/1/5,2.286
2644,2016/1/6,2.317
2645,2016/1/7,2.177
2646,2016/1/8,2.219
2647,2016/1/11,2.125
2648,2016/1/12,2.131
2649,2016/1/13,2.112
2650,2016/1/14,2.131
2651,2016/1/15,2.07
2652,2016/1/18,2.07
2653,2016/1/19,2.13
2654,2016/1/20,2.091
2655,2016/1/21,2.043
2656,2016/1/22,2.067
2657,2016/1/25,2.065
2658,2016/1/26,1.958
2659,2016/1/27,1.957
2660,2016/1/28,1.915
2661,2016/1/29,1.975
2662,2016/2/1,1.942
2663,2016/2/2,1.975
2664,2016/2/3,1.953
2665,2016/2/4,1.978
2666,2016/2/5,1.968
2667,2016/2/15,1.949
2668,2016/2/16,2.001
2669,2016/2/17,2.013
2670,2016/2/18,2.011
2671,2016/2/19,2.006
2672,2016/2/22,2.054
2673,2016/2/23,2.03
2674,2016/2/24,2.039
2675,2016/2/25,1.936
2676,2016/2/26,1.956
2677,2016/2/29,1.937
2678,2016/3/1,1.971
2679,2016/3/2,2.049
2680,2016/3/3,2.053
2681,2016/3/4,2.122
2682,2016/3/7,2.111
2683,2016/3/8,2.115
2684,2016/3/9,2.107
2685,2016/3/10,2.059
2686,2016/3/11,2.066
2687,2016/3/14,2.076
2688,2016/3/15,2.098
2689,2016/3/16,2.135
2690,2016/3/17,2.132
2691,2016/3/18,2.14
2692,2016/3/21,2.192
2693,2016/3/22,2.169
2694,2016/3/23,2.171
2695,2016/3/24,2.14
2696,2016/3/25,2.145
2697,2016/3/28,2.121
2698,2016/3/29,2.104
2699,2016/3/30,2.158
2700,2016/3/31,2.156
2701,2016/4/1,2.165
2702,2016/4/5,2.175
2703,2016/4/6,2.165
2704,2016/4/7,2.139
2705,2016/4/8,2.124
2706,2016/4/11,2.144
2707,2016/4/12,2.142
2708,2016/4/13,2.168
2709,2016/4/14,2.174
2710,2016/4/15,2.178
2711,2016/4/18,2.154
2712,2016/4/19,2.161
2713,2016/4/20,2.148
2714,2016/4/21,2.146
2715,2016/4/22,2.156
2716,2016/4/25,2.145
2717,2016/4/26,2.152
2718,2016/4/27,2.144
2719,2016/4/28,2.142
2720,2016/4/29,2.135
2721,2016/5/3,2.159
2722,2016/5/4,2.153
2723,2016/5/5,2.151
2724,2016/5/6,2.103
2725,2016/5/9,2.071
2726,2016/5/10,2.07
2727,2016/5/11,2.077
2728,2016/5/12,2.083
2729,2016/5/13,2.079
2730,2016/5/16,2.081
2731,2016/5/17,2.077
2732,2016/5/18,2.078
2733,2016/5/19,2.072
2734,2016/5/20,2.083
2735,2016/5/23,2.084
2736,2016/5/24,2.069
2737,2016/5/25,2.074
2738,2016/5/26,2.074
2739,2016/5/27,2.078
2740,2016/5/30,2.089
2741,2016/5/31,2.16
2742,2016/6/1,2.142
2743,2016/6/2,2.14
2744,2016/6/3,2.154
2745,2016/6/6,2.141
2746,2016/6/7,2.143
2747,2016/6/8,2.139
2748,2016/6/13,2.088
2749,2016/6/14,2.101
2750,2016/6/15,2.109
2751,2016/6/16,2.102
2752,2016/6/17,2.109
2753,2016/6/20,2.114
2754,2016/6/21,2.112
2755,2016/6/22,2.124
2756,2016/6/23,2.116
2757,2016/6/24,2.09
2758,2016/6/27,2.111
2759,2016/6/28,2.117
2760,2016/6/29,2.135
2761,2016/6/30,2.136
2762,2016/7/1,2.142
2763,2016/7/4,2.177
2764,2016/7/5,2.185
2765,2016/7/6,2.184
2766,2016/7/7,2.189
2767,2016/7/8,2.177
2768,2016/7/11,2.188
2769,2016/7/12,2.233
2770,2016/7/13,2.236
2771,2016/7/14,2.233
2772,2016/7/15,2.236
2773,2016/7/18,2.228
2774,2016/7/19,2.216
2775,2016/7/20,2.209
2776,2016/7/21,2.22
2777,2016/7/22,2.2
2778,2016/7/25,2.201
2779,2016/7/26,2.227
2780,2016/7/27,2.215
2781,2016/7/28,2.211
2782,2016/7/29,2.201
2783,2016/8/1,2.19
2784,2016/8/2,2.19
2785,2016/8/3,2.188
2786,2016/8/4,2.186
2787,2016/8/5,2.195
2788,2016/8/8,2.204
2789,2016/8/9,2.221
2790,2016/8/10,2.216
2791,2016/8/11,2.223
2792,2016/8/12,2.272
2793,2016/8/15,2.336
2794,2016/8/16,2.306
2795,2016/8/17,2.3
2796,2016/8/18,2.29
2797,2016/8/19,2.301
2798,2016/8/22,2.287
2799,2016/8/23,2.29
2800,2016/8/24,2.28
2801,2016/8/25,2.269
2802,2016/8/26,2.267
2803,2016/8/29,2.265
2804,2016/8/30,2.276
2805,2016/8/31,2.284
2806,2016/9/1,2.268
2807,2016/9/2,2.279
2808,2016/9/5,2.28
2809,2016/9/6,2.286
2810,2016/9/7,2.29
2811,2016/9/8,2.29
2812,2016/9/9,2.28
2813,2016/9/12,2.25
2814,2016/9/13,2.242
2815,2016/9/14,2.229
2816,2016/9/19,2.242
2817,2016/9/20,2.239
2818,2016/9/21,2.243
2819,2016/9/22,2.255
2820,2016/9/23,2.249
2821,2016/9/26,2.222
2822,2016/9/27,2.229
2823,2016/9/28,2.219
2824,2016/9/29,2.23
2825,2016/9/30,2.235
2826,2016/10/10,2.262
2827,2016/10/11,2.265
2828,2016/10/12,2.257
2829,2016/10/13,2.257
2830,2016/10/14,2.266
2831,2016/10/17,2.25
2832,2016/10/18,2.282
2833,2016/10/19,2.279
2834,2016/10/20,2.28
2835,2016/10/21,2.295
2836,2016/10/24,2.324
2837,2016/10/25,2.319
2838,2016/10/26,2.311
2839,2016/10/27,2.305
2840,2016/10/28,2.307
2841,2016/10/31,2.305
2842,2016/11/1,2.316
2843,2016/11/2,2.3
2844,2016/11/3,2.327
2845,2016/11/4,2.324
2846,2016/11/7,2.33
2847,2016/11/8,2.338
2848,2016/11/9,2.32
2849,2016/11/10,2.344
2850,2016/11/11,2.363
2851,2016/11/14,2.374
2852,2016/11/15,2.366
2853,2016/11/16,2.361
2854,2016/11/17,2.369
2855,2016/11/18,2.363
2856,2016/11/21,2.39
2857,2016/11/22,2.408
2858,2016/11/23,2.415
2859,2016/11/24,2.425
2860,2016/11/25,2.451
2861,2016/11/28,2.46
2862,2016/11/29,2.446
2863,2016/11/30,2.419
2864,2016/12/1,2.433
2865,2016/12/2,2.416
2866,2016/12/5,2.373
2867,2016/12/6,2.368
2868,2016/12/7,2.375
2869,2016/12/8,2.38
2870,2016/12/9,2.413
2871,2016/12/12,2.386
2872,2016/12/13,2.371
2873,2016/12/14,2.36
2874,2016/12/15,2.308
2875,2016/12/16,2.301
2876,2016/12/19,2.293
2877,2016/12/20,2.281
2878,2016/12/21,2.298
2879,2016/12/22,2.292
2880,2016/12/23,2.279
2881,2016/12/26,2.298
2882,2016/12/27,2.289
2883,2016/12/28,2.278
2884,2016/12/29,2.278
2885,2016/12/30,2.287
2886,2017/1/3,2.307
2887,2017/1/4,2.325
2888,2017/1/5,2.322
2889,2017/1/6,2.314
2890,2017/1/9,2.319
2891,2017/1/10,2.313
2892,2017/1/11,2.303
2893,2017/1/12,2.296
2894,2017/1/13,2.31
2895,2017/1/16,2.339
2896,2017/1/17,2.329
2897,2017/1/18,2.344
2898,2017/1/19,2.334
2899,2017/1/20,2.349
2900,2017/1/23,2.348
2901,2017/1/24,2.354
2902,2017/1/25,2.357
2903,2017/1/26,2.366
2904,2017/2/3,2.342
2905,2017/2/6,2.343
2906,2017/2/7,2.335
2907,2017/2/8,2.348
2908,2017/2/9,2.354
2909,2017/2/10,2.366
2910,2017/2/13,2.378
2911,2017/2/14,2.37
2912,2017/2/15,2.369
2913,2017/2/16,2.372
2914,2017/2/17,2.361
2915,2017/2/20,2.395
2916,2017/2/21,2.393
2917,2017/2/22,2.396
2918,2017/2/23,2.387
2919,2017/2/24,2.385
2920,2017/2/27,2.367
2921,2017/2/28,2.368
2922,2017/3/1,2.368
2923,2017/3/2,2.353
2924,2017/3/3,2.343
2925,2017/3/6,2.349
2926,2017/3/7,2.354
2927,2017/3/8,2.355
2928,2017/3/9,2.343
2929,2017/3/10,2.335
2930,2017/3/13,2.355
2931,2017/3/14,2.351
2932,2017/3/15,2.354
2933,2017/3/16,2.369
2934,2017/3/17,2.343
2935,2017/3/20,2.347
2936,2017/3/21,2.353
2937,2017/3/22,2.336
2938,2017/3/23,2.344
2939,2017/3/24,2.364
2940,2017/3/27,2.36
2941,2017/3/28,2.354
2942,2017/3/29,2.352
2943,2017/3/30,2.343
2944,2017/3/31,2.356
2945,2017/4/5,2.382
2946,2017/4/6,2.384
2947,2017/4/7,2.384
2948,2017/4/10,2.377
2949,2017/4/11,2.378
2950,2017/4/12,2.374
2951,2017/4/13,2.367
2952,2017/4/14,2.35
2953,2017/4/17,2.353
2954,2017/4/18,2.338
2955,2017/4/19,2.322
2956,2017/4/20,2.331
2957,2017/4/21,2.341
2958,2017/4/24,2.336
2959,2017/4/25,2.342
2960,2017/4/26,2.339
2961,2017/4/27,2.344
2962,2017/4/28,2.34
2963,2017/5/2,2.332
2964,2017/5/3,2.325
2965,2017/5/4,2.32
2966,2017/5/5,2.313
2967,2017/5/8,2.318
2968,2017/5/9,2.315
2969,2017/5/10,2.321
2970,2017/5/11,2.334
2971,2017/5/12,2.37
2972,2017/5/15,2.374
2973,2017/5/16,2.379
2974,2017/5/17,2.358
2975,2017/5/18,2.35
2976,2017/5/19,2.355
2977,2017/5/22,2.373
2978,2017/5/23,2.403
2979,2017/5/24,2.399
2980,2017/5/25,2.47
2981,2017/5/26,2.466
2982,2017/5/31,2.475
2983,2017/6/1,2.49
2984,2017/6/2,2.47
2985,2017/6/5,2.442
2986,2017/6/6,2.457
2987,2017/6/7,2.48
2988,2017/6/8,2.501
2989,2017/6/9,2.517
2990,2017/6/12,2.514
2991,2017/6/13,2.512
2992,2017/6/14,2.482
2993,2017/6/15,2.465
2994,2017/6/16,2.46
2995,2017/6/19,2.497
2996,2017/6/20,2.483
2997,2017/6/21,2.509
2998,2017/6/22,2.524
2999,2017/6/23,2.543
3000,2017/6/26,2.554
3001,2017/6/27,2.564
3002,2017/6/28,2.548
3003,2017/6/29,2.565
3004,2017/6/30,2.558
3005,2017/7/3,2.543
3006,2017/7/4,2.52
3007,2017/7/5,2.563
3008,2017/7/6,2.567
3009,2017/7/7,2.561
3010,2017/7/10,2.575
3011,2017/7/11,2.604
3012,2017/7/12,2.597
3013,2017/7/13,2.638
3014,2017/7/14,2.665
3015,2017/7/17,2.669
3016,2017/7/18,2.659
3017,2017/7/19,2.702
3018,2017/7/20,2.71
3019,2017/7/21,2.68
3020,2017/7/24,2.7
3021,2017/7/25,2.683
3022,2017/7/26,2.677
3023,2017/7/27,2.677
3024,2017/7/28,2.68
3025,2017/7/31,2.682
3026,2017/8/1,2.724
3027,2017/8/2,2.728
3028,2017/8/3,2.689
3029,2017/8/4,2.671
3030,2017/8/7,2.679
3031,2017/8/8,2.682
3032,2017/8/9,2.664
3033,2017/8/10,2.655
3034,2017/8/11,2.613
3035,2017/8/14,2.635
3036,2017/8/15,2.651
3037,2017/8/16,2.64
3038,2017/8/17,2.652
3039,2017/8/18,2.664
3040,2017/8/21,2.663
3041,2017/8/22,2.689
3042,2017/8/23,2.708
3043,2017/8/24,2.698
3044,2017/8/25,2.757
3045,2017/8/28,2.788
3046,2017/8/29,2.789
3047,2017/8/30,2.774
3048,2017/8/31,2.766
3049,2017/9/1,2.76
3050,2017/9/4,2.764
3051,2017/9/5,2.782
3052,2017/9/6,2.764
3053,2017/9/7,2.743
3054,2017/9/8,2.738
3055,2017/9/11,2.73
3056,2017/9/12,2.746
3057,2017/9/13,2.739
3058,2017/9/14,2.722
3059,2017/9/15,2.722
3060,2017/9/18,2.729
3061,2017/9/19,2.72
3062,2017/9/20,2.717
3063,2017/9/21,2.728
3064,2017/9/22,2.729
3065,2017/9/25,2.729
3066,2017/9/26,2.731
3067,2017/9/27,2.711
3068,2017/9/28,2.715
3069,2017/9/29,2.726
3070,2017/10/9,2.75
3071,2017/10/10,2.746
3072,2017/10/11,2.762
3073,2017/10/12,2.773
3074,2017/10/13,2.771
3075,2017/10/16,2.781
3076,2017/10/17,2.779
3077,2017/10/18,2.802
3078,2017/10/19,2.806
3079,2017/10/20,2.79
3080,2017/10/23,2.791
3081,2017/10/24,2.806
3082,2017/10/25,2.802
3083,2017/10/26,2.827
3084,2017/10/27,2.873
3085,2017/10/30,2.861
3086,2017/10/31,2.851
3087,2017/11/1,2.842
3088,2017/11/2,2.847
3089,2017/11/3,2.851
3090,2017/11/6,2.843
3091,2017/11/7,2.875
3092,2017/11/8,2.874
3093,2017/11/9,2.885
3094,2017/11/10,2.918
3095,2017/11/13,2.928
3096,2017/11/14,2.913
3097,2017/11/15,2.901
3098,2017/11/16,2.932
3099,2017/11/17,2.99
3100,2017/11/20,2.996
3101,2017/11/21,3.046
3102,2017/11/22,3.067
3103,2017/11/23,2.991
3104,2017/11/24,2.99
3105,2017/11/27,2.966
3106,2017/11/28,2.896
3107,2017/11/29,2.89
3108,2017/11/30,2.858
3109,2017/12/1,2.838
3110,2017/12/4,2.858
3111,2017/12/5,2.908
3112,2017/12/6,2.871
3113,2017/12/7,2.844
3114,2017/12/8,2.865
3115,2017/12/11,2.898
3116,2017/12/12,2.846
3117,2017/12/13,2.87
3118,2017/12/14,2.85
3119,2017/12/15,2.816
3120,2017/12/18,2.828
3121,2017/12/19,2.87
3122,2017/12/20,2.876
3123,2017/12/21,2.893
3124,2017/12/22,2.878
3125,2017/12/25,2.876
3126,2017/12/26,2.893
3127,2017/12/27,2.834
3128,2017/12/28,2.855
3129,2017/12/29,2.858
3130,2018/1/2,2.907
3131,2018/1/3,2.912
3132,2018/1/4,2.919
3133,2018/1/5,2.933
3134,2018/1/8,2.944
3135,2018/1/9,2.97
3136,2018/1/10,2.994
3137,2018/1/11,2.991
3138,2018/1/12,3.018
3139,2018/1/15,3.043
3140,2018/1/16,3.064
3141,2018/1/17,3.071
3142,2018/1/18,3.106
3143,2018/1/19,3.113
3144,2018/1/22,3.129
3145,2018/1/23,3.173
3146,2018/1/24,3.172
3147,2018/1/25,3.15
3148,2018/1/26,3.171
3149,2018/1/29,3.114
3150,2018/1/30,3.075
3151,2018/1/31,3.113
3152,2018/2/1,3.134
3153,2018/2/2,3.145
3154,2018/2/5,3.18
3155,2018/2/6,3.11
3156,2018/2/7,3.023
3157,2018/2/8,2.939
3158,2018/2/9,2.803
3159,2018/2/12,2.8
3160,2018/2/13,2.848
3161,2018/2/14,2.866
3162,2018/2/22,2.925
3163,2018/2/23,2.955
3164,2018/2/26,2.965
3165,2018/2/27,2.92
3166,2018/2/28,2.871
3167,2018/3/1,2.884
3168,2018/3/2,2.856
3169,2018/3/5,2.855
3170,2018/3/6,2.888
3171,2018/3/7,2.871
3172,2018/3/8,2.893
3173,2018/3/9,2.903
3174,2018/3/12,2.905
3175,2018/3/13,2.873
3176,2018/3/14,2.863
3177,2018/3/15,2.89
3178,2018/3/16,2.862
3179,2018/3/19,2.892
3180,2018/3/20,2.895
3181,2018/3/21,2.884
3182,2018/3/22,2.857
3183,2018/3/23,2.781
3184,2018/3/26,2.734
3185,2018/3/27,2.739
3186,2018/3/28,2.688
3187,2018/3/29,2.734
3188,2018/3/30,2.713
3189,2018/4/2,2.702
3190,2018/4/3,2.693
3191,2018/4/4,2.694
3192,2018/4/9,2.711
3193,2018/4/10,2.775
3194,2018/4/11,2.775
3195,2018/4/12,2.742
3196,2018/4/13,2.717
3197,2018/4/16,2.655
3198,2018/4/17,2.626
3199,2018/4/18,2.643
3200,2018/4/19,2.676
3201,2018/4/20,2.637
3202,2018/4/23,2.658
3203,2018/4/24,2.718
3204,2018/4/25,2.693
3205,2018/4/26,2.655
3206,2018/4/27,2.642
3207,2018/5/2,2.646
3208,2018/5/3,2.654
3209,2018/5/4,2.634
3210,2018/5/7,2.674
3211,2018/5/8,2.714
3212,2018/5/9,2.711
3213,2018/5/10,2.723
3214,2018/5/11,2.716
3215,2018/5/14,2.745
3216,2018/5/15,2.74
3217,2018/5/16,2.705
3218,2018/5/17,2.689
3219,2018/5/18,2.733
3220,2018/5/21,2.736
3221,2018/5/22,2.717
3222,2018/5/23,2.672
3223,2018/5/24,2.655
3224,2018/5/25,2.654
3225,2018/5/28,2.668
3226,2018/5/29,2.655
3227,2018/5/30,2.601
3228,2018/5/31,2.651
3229,2018/6/1,2.643
3230,2018/6/4,2.686
3231,2018/6/5,2.696
3232,2018/6/6,2.686
3233,2018/6/7,2.694
3234,2018/6/8,2.652
3235,2018/6/11,2.663
3236,2018/6/12,2.688
3237,2018/6/13,2.672
3238,2018/6/14,2.675
3239,2018/6/15,2.678
3240,2018/6/19,2.612
3241,2018/6/20,2.61
3242,2018/6/21,2.592
3243,2018/6/22,2.598
3244,2018/6/25,2.548
3245,2018/6/26,2.52
3246,2018/6/27,2.465
3247,2018/6/28,2.441
3248,2018/6/29,2.495
3249,2018/7/2,2.402
3250,2018/7/3,2.41
3251,2018/7/4,2.39
3252,2018/7/5,2.391
3253,2018/7/6,2.425
3254,2018/7/9,2.496
3255,2018/7/10,2.493
3256,2018/7/11,2.454
3257,2018/7/12,2.505
3258,2018/7/13,2.509
3259,2018/7/16,2.49
3260,2018/7/17,2.475
3261,2018/7/18,2.463
3262,2018/7/19,2.474
3263,2018/7/20,2.54
3264,2018/7/23,2.569
3265,2018/7/24,2.61
3266,2018/7/25,2.609
3267,2018/7/26,2.575
3268,2018/7/27,2.575
3269,2018/7/30,2.587
3270,2018/7/31,2.595
3271,2018/8/1,2.537
3272,2018/8/2,2.484
3273,2018/8/3,2.457
3274,2018/8/6,2.455
3275,2018/8/7,2.53
3276,2018/8/8,2.494
3277,2018/8/9,2.551
3278,2018/8/10,2.551
3279,2018/8/13,2.526
3280,2018/8/14,2.518
3281,2018/8/15,2.454
3282,2018/8/16,2.453
3283,2018/8/17,2.42
3284,2018/8/20,2.458
3285,2018/8/21,2.496
3286,2018/8/22,2.499
3287,2018/8/23,2.509
3288,2018/8/24,2.523
3289,2018/8/27,2.571
3290,2018/8/28,2.56
3291,2018/8/29,2.553
3292,2018/8/30,2.533
3293,2018/8/31,2.521
3294,2018/9/3,2.512
3295,2018/9/4,2.55
3296,2018/9/5,2.487
3297,2018/9/6,2.466
3298,2018/9/7,2.491
3299,2018/9/10,2.466
3300,2018/9/11,2.449
3301,2018/9/12,2.432
3302,2018/9/13,2.466
3303,2018/9/14,2.475
3304,2018/9/17,2.452
3305,2018/9/18,2.513
3306,2018/9/19,2.538
3307,2018/9/20,2.541
3308,2018/9/21,2.632
3309,2018/9/25,2.6
3310,2018/9/26,2.638
3311,2018/9/27,2.628
3312,2018/9/28,2.659
3313,2018/10/8,2.533
3314,2018/10/9,2.545
3315,2018/10/10,2.545
3316,2018/10/11,2.439
3317,2018/10/12,2.494
3318,2018/10/15,2.463
3319,2018/10/16,2.467
3320,2018/10/17,2.477
3321,2018/10/18,2.419
3322,2018/10/19,2.491
3323,2018/10/22,2.599
3324,2018/10/23,2.511
3325,2018/10/24,2.525
3326,2018/10/25,2.531
3327,2018/10/26,2.516
3328,2018/10/29,2.431
3329,2018/10/30,2.463
3330,2018/10/31,2.496
3331,2018/11/1,2.507
3332,2018/11/2,2.594
3333,2018/11/5,2.558
3334,2018/11/6,2.546
3335,2018/11/7,2.528
3336,2018/11/8,2.537
3337,2018/11/9,2.48
3338,2018/11/12,2.49
3339,2018/11/13,2.509
3340,2018/11/14,2.475
3341,2018/11/15,2.505
3342,2018/11/16,2.507
3343,2018/11/19,2.54
3344,2018/11/20,2.498
3345,2018/11/21,2.497
3346,2018/11/22,2.483
3347,2018/11/23,2.442
3348,2018/11/26,2.45
3349,2018/11/27,2.439
3350,2018/11/28,2.466
3351,2018/11/29,2.453
3352,2018/11/30,2.474
3353,2018/12/3,2.482
3354,2018/12/4,2.49
3355,2018/12/5,2.479
3356,2018/12/6,2.433
3357,2018/12/7,2.425
3358,2018/12/10,2.408
3359,2018/12/11,2.413
3360,2018/12/12,2.419
3361,2018/12/13,2.453
3362,2018/12/14,2.423
3363,2018/12/17,2.42
3364,2018/12/18,2.391
3365,2018/12/19,2.365
3366,2018/12/20,2.331
3367,2018/12/21,2.302
3368,2018/12/24,2.304
3369,2018/12/25,2.292
3370,2018/12/26,2.275
3371,2018/12/27,2.275
3372,2018/12/28,2.286
3373,2019/1/2,2.255
3374,2019/1/3,2.261
3375,2019/1/4,2.31
3376,2019/1/7,2.307
3377,2019/1/8,2.3
3378,2019/1/9,2.325
3379,2019/1/10,2.328
3380,2019/1/11,2.347
3381,2019/1/14,2.325
3382,2019/1/15,2.37
3383,2019/1/16,2.374
3384,2019/1/17,2.365
3385,2019/1/18,2.409
3386,2019/1/21,2.424
3387,2019/1/22,2.396
3388,2019/1/23,2.392
3389,2019/1/24,2.403
3390,2019/1/25,2.433
3391,2019/1/28,2.43
3392,2019/1/29,2.448
3393,2019/1/30,2.437
3394,2019/1/31,2.474
3395,2019/2/1,2.492
3396,2019/2/11,2.516
3397,2019/2/12,2.524
3398,2019/2/13,2.571
3399,2019/2/14,2.567
3400,2019/2/15,2.511
3401,2019/2/18,2.571
3402,2019/2/19,2.567
3403,2019/2/20,2.577
3404,2019/2/21,2.566
3405,2019/2/22,2.618
3406,2019/2/25,2.816
3407,2019/2/26,2.728
3408,2019/2/27,2.736
3409,2019/2/28,2.736
3410,2019/3/1,2.802
3411,2019/3/4,2.815
3412,2019/3/5,2.813
3413,2019/3/6,2.82
3414,2019/3/7,2.773
3415,2019/3/8,2.675
3416,2019/3/11,2.69
3417,2019/3/12,2.701
3418,2019/3/13,2.706
3419,2019/3/14,2.71
3420,2019/3/15,2.74
3421,2019/3/18,2.812
3422,2019/3/19,2.79
3423,2019/3/20,2.794
3424,2019/3/21,2.784
3425,2019/3/22,2.777
3426,2019/3/25,2.702
3427,2019/3/26,2.692
3428,2019/3/27,2.723
3429,2019/3/28,2.718
3430,2019/3/29,2.819
3431,2019/4/1,2.874
3432,2019/4/2,2.872
3433,2019/4/3,2.901
3434,2019/4/4,2.939
3435,2019/4/8,2.943
3436,2019/4/9,2.949
3437,2019/4/10,2.964
3438,2019/4/11,2.912
3439,2019/4/12,2.906
3440,2019/4/15,2.906
3441,2019/4/16,3.008
3442,2019/4/17,2.997
3443,2019/4/18,2.987
3444,2019/4/19,3.024
3445,2019/4/22,2.958
3446,2019/4/23,2.963
3447,2019/4/24,2.958
3448,2019/4/25,2.913
3449,2019/4/26,2.88
3450,2019/4/29,2.921
3451,2019/4/30,2.928
3452,2019/5/6,2.787
3453,2019/5/7,2.79
3454,2019/5/8,2.745
3455,2019/5/9,2.686
3456,2019/5/10,2.777
3457,2019/5/13,2.725
3458,2019/5/14,2.708
3459,2019/5/15,2.765
3460,2019/5/16,2.774
3461,2019/5/17,2.723
3462,2019/5/20,2.699
3463,2019/5/21,2.722
3464,2019/5/22,2.709
3465,2019/5/23,2.677
3466,2019/5/24,2.691
3467,2019/5/27,2.714
3468,2019/5/28,2.733
3469,2019/5/29,2.748
3470,2019/5/30,2.737
3471,2019/5/31,2.728
3472,2019/6/3,2.74
3473,2019/6/4,2.722
3474,2019/6/5,2.718
3475,2019/6/6,2.704
3476,2019/6/10,2.739
3477,2019/6/11,2.814
3478,2019/6/12,2.802
3479,2019/6/13,2.796
3480,2019/6/14,2.79
3481,2019/6/17,2.799
3482,2019/6/18,2.81
3483,2019/6/19,2.856
3484,2019/6/20,2.954
3485,2019/6/21,2.953
3486,2019/6/24,2.959
3487,2019/6/25,2.919
3488,2019/6/26,2.916
3489,2019/6/27,2.955
3490,2019/6/28,2.952
3491,2019/7/1,3.02
3492,2019/7/2,3.016
3493,2019/7/3,2.987
3494,2019/7/4,2.976
3495,2019/7/5,2.987
3496,2019/7/8,2.924
3497,2019/7/9,2.914
3498,2019/7/10,2.912
3499,2019/7/11,2.922
3500,2019/7/12,2.943
3501,2019/7/15,2.942
3502,2019/7/16,2.925
3503,2019/7/17,2.916
3504,2019/7/18,2.905
3505,2019/7/19,2.94
3506,2019/7/22,2.922
3507,2019/7/23,2.923
3508,2019/7/24,2.952
3509,2019/7/25,2.977
3510,2019/7/26,2.982
3511,2019/7/29,2.978
3512,2019/7/30,2.988
3513,2019/7/31,2.96
3514,2019/8/1,2.935
3515,2019/8/2,2.89
3516,2019/8/5,2.835
3517,2019/8/6,2.805
3518,2019/8/7,2.791
3519,2019/8/8,2.831
3520,2019/8/9,2.82
3521,2019/8/12,2.869
3522,2019/8/13,2.84
3523,2019/8/14,2.849
3524,2019/8/15,2.858
3525,2019/8/16,2.87
3526,2019/8/19,2.927
3527,2019/8/20,2.921
3528,2019/8/21,2.919
3529,2019/8/22,2.923
3530,2019/8/23,2.963
3531,2019/8/26,2.914
3532,2019/8/27,2.934
3533,2019/8/28,2.912
3534,2019/8/29,2.901
3535,2019/8/30,2.916
3536,2019/9/2,2.94
3537,2019/9/3,2.939
3538,2019/9/4,2.973
3539,2019/9/5,3.004
3540,2019/9/6,3.037
3541,2019/9/9,3.032
3542,2019/9/10,3.021
3543,2019/9/11,3.007
3544,2019/9/12,3.047
3545,2019/9/16,3.034
3546,2019/9/17,2.987
3547,2019/9/18,3.003
3548,2019/9/19,3.007
3549,2019/9/20,3.013
3550,2019/9/23,2.981
3551,2019/9/24,2.987
3552,2019/9/25,2.977
3553,2019/9/26,2.978
3554,2019/9/27,2.978
3555,2019/9/30,2.945
3556,2019/10/8,2.968
3557,2019/10/9,2.971
3558,2019/10/10,2.987
3559,2019/10/11,3.032
3560,2019/10/14,3.061
3561,2019/10/15,3.062
3562,2019/10/16,3.051
3563,2019/10/17,3.059
3564,2019/10/18,3.014
3565,2019/10/21,3.016
3566,2019/10/22,3.019
3567,2019/10/23,3.0
3568,2019/10/24,3.008
3569,2019/10/25,3.014
3570,2019/10/28,3.028
3571,2019/10/29,3.016
3572,2019/10/30,2.999
3573,2019/10/31,3.003
3574,2019/11/1,3.052
3575,2019/11/4,3.069
3576,2019/11/5,3.086
3577,2019/11/6,3.079
3578,2019/11/7,3.079
3579,2019/11/8,3.06
3580,2019/11/11,3.013
3581,2019/11/12,3.017
3582,2019/11/13,3.015
3583,2019/11/14,3.013
3584,2019/11/15,3.003
3585,2019/11/18,3.027
3586,2019/11/19,3.046
3587,2019/11/20,3.013
3588,2019/11/21,2.995
3589,2019/11/22,2.967
3590,2019/11/25,2.994
3591,2019/11/26,2.993
3592,2019/11/27,2.988
3593,2019/11/28,2.978
3594,2019/11/29,2.938
3595,2019/12/2,2.897
3596,2019/12/3,2.907
3597,2019/12/4,2.901
3598,2019/12/5,2.919
3599,2019/12/6,2.936
3600,2019/12/9,2.931
3601,2019/12/10,2.933
3602,2019/12/11,2.947
3603,2019/12/12,2.937
3604,2019/12/13,3.0
3605,2019/12/16,2.993
3606,2019/12/17,3.025
3607,2019/12/18,3.017
3608,2019/12/19,3.01
3609,2019/12/20,3.005
3610,2019/12/23,2.979
3611,2019/12/24,2.988
3612,2019/12/25,2.98
3613,2019/12/26,3.002
3614,2019/12/27,3.009
3615,2019/12/30,3.051
3616,2019/12/31,3.058
3617,2020/1/2,3.081
3618,2020/1/3,3.068
3619,2020/1/6,3.05
3620,2020/1/7,3.062
3621,2020/1/8,3.033
3622,2020/1/9,3.057
3623,2020/1/10,3.061
3624,2020/1/13,3.08
3625,2020/1/14,3.076
3626,2020/1/15,3.046
3627,2020/1/16,3.036
3628,2020/1/17,3.042
3629,2020/1/20,3.058
3630,2020/1/21,3.007
3631,2020/1/22,3.006
3632,2020/1/23,2.925
3633,2020/2/3,2.707
3634,2020/2/4,2.785
3635,2020/2/5,2.801
3636,2020/2/6,2.842
3637,2020/2/7,2.841
3638,2020/2/10,2.839
3639,2020/2/11,2.87
3640,2020/2/12,2.883
3641,2020/2/13,2.869
3642,2020/2/14,2.885
3643,2020/2/17,2.939
3644,2020/2/18,2.913
3645,2020/2/19,2.913
3646,2020/2/20,2.967
3647,2020/2/21,2.958
3648,2020/2/24,2.924
3649,2020/2/25,2.899
3650,2020/2/26,2.894
3651,2020/2/27,2.898
3652,2020/2/28,2.814
3653,2020/3/2,2.899
3654,2020/3/3,2.907
3655,2020/3/4,2.939
3656,2020/3/5,3.004
3657,2020/3/6,2.951
3658,2020/3/9,2.861
3659,2020/3/10,2.911
3660,2020/3/11,2.874
3661,2020/3/12,2.836
3662,2020/3/13,2.796
3663,2020/3/16,2.687
3664,2020/3/17,2.675
3665,2020/3/18,2.618
3666,2020/3/19,2.564
3667,2020/3/20,2.624
3668,2020/3/23,2.553
3669,2020/3/24,2.627
3670,2020/3/25,2.687
3671,2020/3/26,2.677
3672,2020/3/27,2.692
3673,2020/3/30,2.68
3674,2020/3/31,2.675
3675,2020/4/1,2.671
3676,2020/4/2,2.706
3677,2020/4/3,2.694
3678,2020/4/7,2.743
3679,2020/4/8,2.73
3680,2020/4/9,2.739
3681,2020/4/10,2.738
3682,2020/4/13,2.726
3683,2020/4/14,2.771
3684,2020/4/15,2.751
3685,2020/4/16,2.753
3686,2020/4/17,2.793
3687,2020/4/20,2.803
3688,2020/4/21,2.771
3689,2020/4/22,2.79
3690,2020/4/23,2.787
3691,2020/4/24,2.765
3692,2020/4/27,2.79
3693,2020/4/28,2.81
3694,2020/4/29,2.829
3695,2020/4/30,2.852
3696,2020/5/6,2.848
3697,2020/5/7,2.843
3698,2020/5/8,2.863
3699,2020/5/11,2.863
3700,2020/5/12,2.86
3701,2020/5/13,2.86
3702,2020/5/14,2.831
3703,2020/5/15,2.812
3704,2020/5/18,2.833
3705,2020/5/19,2.852
3706,2020/5/20,2.849
3707,2020/5/21,2.838
3708,2020/5/22,2.768
3709,2020/5/25,2.78
3710,2020/5/26,2.802
3711,2020/5/27,2.792
3712,2020/5/28,2.801
3713,2020/5/29,2.802
3714,2020/6/1,2.864
3715,2020/6/2,2.879
3716,2020/6/3,2.884
3717,2020/6/4,2.878
3718,2020/6/5,2.892
3719,2020/6/8,2.905
3720,2020/6/9,2.923
3721,2020/6/10,2.908
3722,2020/6/11,2.878
3723,2020/6/12,2.891
3724,2020/6/15,2.847
3725,2020/6/16,2.877
3726,2020/6/17,2.881
3727,2020/6/18,2.895
3728,2020/6/19,2.927
3729,2020/6/22,2.924
3730,2020/6/23,2.93
3731,2020/6/24,2.958
3732,2020/6/29,2.937
3733,2020/6/30,2.956
3734,2020/7/1,3.027
3735,2020/7/2,3.103
3736,2020/7/3,3.187
3737,2020/7/6,3.469
3738,2020/7/7,3.402
3739,2020/7/8,3.447
3740,2020/7/9,3.459
3741,2020/7/10,3.373
3742,2020/7/13,3.416
3743,2020/7/14,3.38
3744,2020/7/15,3.35
3745,2020/7/16,3.206
3746,2020/7/17,3.229
3747,2020/7/20,3.331
3748,2020/7/21,3.329
3749,2020/7/22,3.334
3750,2020/7/23,3.331
3751,2020/7/24,3.2
3752,2020/7/27,3.211
3753,2020/7/28,3.231
3754,2020/7/29,3.291
3755,2020/7/30,3.277
3756,2020/7/31,3.295
3757,2020/8/3,3.328
3758,2020/8/4,3.359
3759,2020/8/5,3.336
3760,2020/8/6,3.338
3761,2020/8/7,3.308
3762,2020/8/10,3.333
3763,2020/8/11,3.307
3764,2020/8/12,3.297
3765,2020/8/13,3.286
3766,2020/8/14,3.343
3767,2020/8/17,3.418
3768,2020/8/18,3.413
3769,2020/8/19,3.351
3770,2020/8/20,3.312
3771,2020/8/21,3.336
3772,2020/8/24,3.346
3773,2020/8/25,3.359
3774,2020/8/26,3.323
3775,2020/8/27,3.342
3776,2020/8/28,3.424
3777,2020/8/31,3.395
3778,2020/9/1,3.404
3779,2020/9/2,3.395
3780,2020/9/3,3.387
3781,2020/9/4,3.356
3782,2020/9/7,3.301
3783,2020/9/8,3.336
3784,2020/9/9,3.285
3785,2020/9/10,3.296
3786,2020/9/11,3.313
3787,2020/9/14,3.341
3788,2020/9/15,3.367
3789,2020/9/16,3.346
3790,2020/9/17,3.314
3791,2020/9/18,3.406
3792,2020/9/21,3.362
3793,2020/9/22,3.322
3794,2020/9/23,3.325
3795,2020/9/24,3.271
3796,2020/9/25,3.282
3797,2020/9/28,3.302
3798,2020/9/29,3.295
3799,2020/9/30,3.281
3800,2020/10/9,3.337
3801,2020/10/12,3.442
3802,2020/10/13,3.437
3803,2020/10/14,3.424
3804,2020/10/15,3.425
3805,2020/10/16,3.432
3806,2020/10/19,3.409
3807,2020/10/20,3.412
3808,2020/10/21,3.433
3809,2020/10/22,3.42
3810,2020/10/23,3.408
3811,2020/10/26,3.354
3812,2020/10/27,3.346
3813,2020/10/28,3.364
3814,2020/10/29,3.383
3815,2020/10/30,3.329
3816,2020/11/2,3.317
3817,2020/11/3,3.355
3818,2020/11/4,3.38
3819,2020/11/5,3.418
3820,2020/11/6,3.408
3821,2020/11/9,3.468
3822,2020/11/10,3.466
3823,2020/11/11,3.464
3824,2020/11/12,3.447
3825,2020/11/13,3.388
3826,2020/11/16,3.429
3827,2020/11/17,3.43
3828,2020/11/18,3.435
3829,2020/11/19,3.46
3830,2020/11/20,3.465
3831,2020/11/23,3.521
3832,2020/11/24,3.493
3833,2020/11/25,3.468
3834,2020/11/26,3.497
3835,2020/11/27,3.557
3836,2020/11/30,3.473
3837,2020/12/1,3.557
3838,2020/12/2,3.545
3839,2020/12/3,3.538
3840,2020/12/4,3.543
3841,2020/12/7,3.511
3842,2020/12/8,3.499
3843,2020/12/9,3.47
3844,2020/12/10,3.456
3845,2020/12/11,3.429
3846,2020/12/14,3.461
3847,2020/12/15,3.464
3848,2020/12/16,3.482
3849,2020/12/17,3.537
3850,2020/12/18,3.505
3851,2020/12/21,3.513
3852,2020/12/22,3.464
3853,2020/12/23,3.491
3854,2020/12/24,3.485
3855,2020/12/25,3.509
3856,2020/12/28,3.519
3857,2020/12/29,3.512
3858,2020/12/30,3.563
3859,2020/12/31,3.634
3860,2021/1/4,3.632
3861,2021/1/5,3.671
3862,2021/1/6,3.726
3863,2021/1/7,3.803
3864,2021/1/8,3.782
3865,2021/1/11,3.765
3866,2021/1/12,3.899
3867,2021/1/13,3.862
3868,2021/1/14,3.802
3869,2021/1/15,3.805
3870,2021/1/18,3.837
3871,2021/1/19,3.797
3872,2021/1/20,3.8
3873,2021/1/21,3.84
3874,2021/1/22,3.833
3875,2021/1/25,3.89
3876,2021/1/26,3.8
3877,2021/1/27,3.806
3878,2021/1/28,3.731
3879,2021/1/29,3.704
3880,2021/2/1,3.731
3881,2021/2/2,3.752
3882,2021/2/3,3.764
3883,2021/2/4,3.787
3884,2021/2/5,3.834
3885,2021/2/8,3.875
3886,2021/2/9,3.939
3887,2021/2/10,4.012
3888,2021/2/18,4.007
3889,2021/2/19,3.998
3890,2021/2/22,3.873
3891,2021/2/23,3.886
3892,2021/2/24,3.788
3893,2021/2/25,3.843
3894,2021/2/26,3.743
3895,2021/3/1,3.773
3896,2021/3/2,3.707
3897,2021/3/3,3.804
3898,2021/3/4,3.698
3899,2021/3/5,3.678
3900,2021/3/8,3.561
3901,2021/3/9,3.505
3902,2021/3/10,3.523
3903,2021/3/11,3.614
3904,2021/3/12,3.617
3905,2021/3/15,3.558
3906,2021/3/16,3.582
3907,2021/3/17,3.576
3908,2021/3/18,3.591
3909,2021/3/19,3.496
3910,2021/3/22,3.523
3911,2021/3/23,3.504
3912,2021/3/24,3.454
3913,2021/3/25,3.452
3914,2021/3/26,3.514
3915,2021/3/29,3.521
3916,2021/3/30,3.561
3917,2021/3/31,3.527
3918,2021/4/1,3.567
3919,2021/4/2,3.601
3920,2021/4/6,3.578
3921,2021/4/7,3.542
3922,2021/4/8,3.558
3923,2021/4/9,3.506
3924,2021/4/12,3.468
3925,2021/4/13,3.45
3926,2021/4/14,3.456
3927,2021/4/15,3.419
3928,2021/4/16,3.434
3929,2021/4/19,3.5
3930,2021/4/20,3.492
3931,2021/4/21,3.498
3932,2021/4/22,3.481
3933,2021/4/23,3.514
3934,2021/4/26,3.458
3935,2021/4/27,3.466
3936,2021/4/28,3.467
3937,2021/4/29,3.513
3938,2021/4/30,3.482
3939,2021/5/6,3.444
3940,2021/5/7,3.399
3941,2021/5/10,3.399
3942,2021/5/11,3.429
3943,2021/5/12,3.442
3944,2021/5/13,3.407
3945,2021/5/14,3.498
3946,2021/5/17,3.53
3947,2021/5/18,3.528
3948,2021/5/19,3.504
3949,2021/5/20,3.516
3950,2021/5/21,3.475
3951,2021/5/24,3.489
3952,2021/5/25,3.635
3953,2021/5/26,3.648
3954,2021/5/27,3.658
3955,2021/5/28,3.651
3956,2021/5/31,3.639
3957,2021/6/1,3.64
3958,2021/6/2,3.613
3959,2021/6/3,3.584
3960,2021/6/4,3.601
3961,2021/6/7,3.593
3962,2021/6/8,3.572
3963,2021/6/9,3.582
3964,2021/6/10,3.601
3965,2021/6/11,3.571
3966,2021/6/15,3.522
3967,2021/6/16,3.486
3968,2021/6/17,3.479
3969,2021/6/18,3.455
3970,2021/6/21,3.435
3971,2021/6/22,3.464
3972,2021/6/23,3.469
3973,2021/6/24,3.488
3974,2021/6/25,3.541
3975,2021/6/28,3.527
3976,2021/6/29,3.497
3977,2021/6/30,3.515
3978,2021/7/1,3.548
3979,2021/7/2,3.423
3980,2021/7/5,3.42
3981,2021/7/6,3.431
3982,2021/7/7,3.442
3983,2021/7/8,3.395
3984,2021/7/9,3.382
3985,2021/7/12,3.41
3986,2021/7/13,3.421
3987,2021/7/14,3.368
3988,2021/7/15,3.44
3989,2021/7/16,3.403
3990,2021/7/19,3.416
3991,2021/7/20,3.408
3992,2021/7/21,3.421
3993,2021/7/22,3.425
3994,2021/7/23,3.388
3995,2021/7/26,3.259
3996,2021/7/27,3.156
3997,2021/7/28,3.183
3998,2021/7/29,3.212
3999,2021/7/30,3.163
4000,2021/8/2,3.242
4001,2021/8/3,3.254
4002,2021/8/4,3.264
4003,2021/8/5,3.258
4004,2021/8/6,3.232
4005,2021/8/9,3.268
4006,2021/8/10,3.322
4007,2021/8/11,3.295
4008,2021/8/12,3.261
4009,2021/8/13,3.254
4010,2021/8/16,3.262
4011,2021/8/17,3.182
4012,2021/8/18,3.224
4013,2021/8/19,3.178
4014,2021/8/20,3.108
4015,2021/8/23,3.136
4016,2021/8/24,3.185
4017,2021/8/25,3.197
4018,2021/8/26,3.128
4019,2021/8/27,3.159
4020,2021/8/30,3.149
4021,2021/8/31,3.138
4022,2021/9/1,3.207
4023,2021/9/2,3.204
4024,2021/9/3,3.212
4025,2021/9/6,3.247
4026,2021/9/7,3.284
4027,2021/9/8,3.249
4028,2021/9/9,3.24
4029,2021/9/10,3.292
4030,2021/9/13,3.281
4031,2021/9/14,3.228
4032,2021/9/15,3.186
4033,2021/9/16,3.167
4034,2021/9/17,3.199
4035,2021/9/22,3.158
4036,2021/9/23,3.164
4037,2021/9/24,3.186
4038,2021/9/27,3.247
4039,2021/9/28,3.247
4040,2021/9/29,3.248
4041,2021/9/30,3.231
4042,2021/10/8,3.295
4043,2021/10/11,3.312
4044,2021/10/12,3.295
4045,2021/10/13,3.327
4046,2021/10/14,3.306
4047,2021/10/15,3.332
4048,2021/10/18,3.268
4049,2021/10/19,3.291
4050,2021/10/20,3.293
4051,2021/10/21,3.314
4052,2021/10/22,3.352
4053,2021/10/25,3.35
4054,2021/10/26,3.329
4055,2021/10/27,3.287
4056,2021/10/28,3.286
4057,2021/10/29,3.304
4058,2021/11/1,3.289
4059,2021/11/2,3.25
4060,2021/11/3,3.219
4061,2021/11/4,3.245
4062,2021/11/5,3.243
4063,2021/11/8,3.231
4064,2021/11/9,3.224
4065,2021/11/10,3.206
4066,2021/11/11,3.275
4067,2021/11/12,3.262
4068,2021/11/15,3.264
4069,2021/11/16,3.264
4070,2021/11/17,3.244
4071,2021/11/18,3.211
4072,2021/11/19,3.25
4073,2021/11/22,3.248
4074,2021/11/23,3.261
4075,2021/11/24,3.273
4076,2021/11/25,3.254
4077,2021/11/26,3.223
4078,2021/11/29,3.182
4079,2021/11/30,3.164
4080,2021/12/1,3.176
4081,2021/12/2,3.188
4082,2021/12/3,3.215
4083,2021/12/6,3.225
4084,2021/12/7,3.251
4085,2021/12/8,3.301
4086,2021/12/9,3.352
4087,2021/12/10,3.349
4088,2021/12/13,3.354
4089,2021/12/14,3.337
4090,2021/12/15,3.304
4091,2021/12/16,3.315
4092,2021/12/17,3.265
4093,2021/12/20,3.243
4094,2021/12/21,3.258
4095,2021/12/22,3.244
4096,2021/12/23,3.275
4097,2021/12/24,3.273
4098,2021/12/27,3.268
4099,2021/12/28,3.286
4100,2021/12/29,3.225
4101,2021/12/30,3.247
4102,2021/12/31,3.256
4103,2022/1/4,3.247
4104,2022/1/5,3.241
4105,2022/1/6,3.193
4106,2022/1/7,3.207
4107,2022/1/10,3.216
4108,2022/1/11,3.196
4109,2022/1/12,3.22
4110,2022/1/13,3.166
4111,2022/1/14,3.12
4112,2022/1/17,3.131
4113,2022/1/18,3.169
4114,2022/1/19,3.169
4115,2022/1/20,3.214
4116,2022/1/21,3.206
4117,2022/1/24,3.195
4118,2022/1/25,3.129
4119,2022/1/26,3.144
4120,2022/1/27,3.107
4121,2022/1/28,3.036
4122,2022/2/7,3.095
4123,2022/2/8,3.098
4124,2022/2/9,3.12
4125,2022/2/10,3.128
4126,2022/2/11,3.123
4127,2022/2/14,3.088
4128,2022/2/15,3.1
4129,2022/2/16,3.116
4130,2022/2/17,3.119
4131,2022/2/18,3.144
4132,2022/2/21,3.13
4133,2022/2/22,3.081
4134,2022/2/23,3.1
4135,2022/2/24,3.043
4136,2022/2/25,3.056
4137,2022/2/28,3.061
4138,2022/3/1,3.105
4139,2022/3/2,3.088
4140,2022/3/3,3.078
4141,2022/3/4,3.046
4142,2022/3/7,2.955
4143,2022/3/8,2.915
4144,2022/3/9,2.887
4145,2022/3/10,2.913
4146,2022/3/11,2.922
4147,2022/3/14,2.832
4148,2022/3/15,2.687
4149,2022/3/16,2.81
4150,2022/3/17,2.857
4151,2022/3/18,2.891
4152,2022/3/21,2.874
4153,2022/3/22,2.882
4154,2022/3/23,2.899
4155,2022/3/24,2.884
4156,2022/3/25,2.838
4157,2022/3/28,2.836
4158,2022/3/29,2.823
4159,2022/3/30,2.898
4160,2022/3/31,2.881
4161,2022/4/1,2.923
4162,2022/4/6,2.911
4163,2022/4/7,2.884
4164,2022/4/8,2.909
4165,2022/4/11,2.832
4166,2022/4/12,2.876
4167,2022/4/13,2.866
4168,2022/4/14,2.911
4169,2022/4/15,2.914
4170,2022/4/18,2.871
4171,2022/4/19,2.844
4172,2022/4/20,2.816
4173,2022/4/21,2.78
4174,2022/4/22,2.795
4175,2022/4/25,2.662
4176,2022/4/26,2.664
4177,2022/4/27,2.714
4178,2022/4/28,2.749
4179,2022/4/29,2.793
4180,2022/5/5,2.781
4181,2022/5/6,2.703
4182,2022/5/9,2.677
4183,2022/5/10,2.701
4184,2022/5/11,2.722
4185,2022/5/12,2.702
4186,2022/5/13,2.729
4187,2022/5/16,2.702
4188,2022/5/17,2.737
4189,2022/5/18,2.728
4190,2022/5/19,2.726
4191,2022/5/20,2.793
4192,2022/5/23,2.763
4193,2022/5/24,2.72
4194,2022/5/25,2.725
4195,2022/5/26,2.725
4196,2022/5/27,2.744
4197,2022/5/30,2.758
4198,2022/5/31,2.792
4199,2022/6/1,2.782
4200,2022/6/2,2.777
4201,2022/6/6,2.81
4202,2022/6/7,2.829
4203,2022/6/8,2.863
4204,2022/6/9,2.853
4205,2022/6/10,2.886
4206,2022/6/13,2.835
4207,2022/6/14,2.874
4208,2022/6/15,2.913
4209,2022/6/16,2.886
4210,2022/6/17,2.929
4211,2022/6/20,2.923
4212,2022/6/21,2.929
4213,2022/6/22,2.898
4214,2022/6/23,2.939
4215,2022/6/24,2.978
4216,2022/6/27,3.016
4217,2022/6/28,3.043
4218,2022/6/29,3.018
4219,2022/6/30,3.069
4220,2022/7/1,3.058
4221,2022/7/4,3.063
4222,2022/7/5,3.063
4223,2022/7/6,3.011
4224,2022/7/7,3.002
4225,2022/7/8,3.006
4226,2022/7/11,2.961
4227,2022/7/12,2.944
4228,2022/7/13,2.935
4229,2022/7/14,2.915
4230,2022/7/15,2.872
4231,2022/7/18,2.911
4232,2022/7/19,2.899
4233,2022/7/20,2.908
4234,2022/7/21,2.874
4235,2022/7/22,2.887
4236,2022/7/25,2.878
4237,2022/7/26,2.891
4238,2022/7/27,2.867
4239,2022/7/28,2.866
4240,2022/7/29,2.828
4241,2022/8/1,2.818
4242,2022/8/2,2.77
4243,2022/8/3,2.75
4244,2022/8/4,2.777
4245,2022/8/5,2.815
4246,2022/8/8,2.8
4247,2022/8/9,2.801
4248,2022/8/10,2.768
4249,2022/8/11,2.826
4250,2022/8/12,2.836
4251,2022/8/15,2.82
4252,2022/8/16,2.807
4253,2022/8/17,2.823
4254,2022/8/18,2.797
4255,2022/8/19,2.792
4256,2022/8/22,2.793
4257,2022/8/23,2.774
4258,2022/8/24,2.746
4259,2022/8/25,2.793
4260,2022/8/26,2.794
4261,2022/8/29,2.772
4262,2022/8/30,2.768
4263,2022/8/31,2.801
4264,2022/9/1,2.775
4265,2022/9/2,2.752
4266,2022/9/5,2.741
4267,2022/9/6,2.764
4268,2022/9/7,2.754
4269,2022/9/8,2.748
4270,2022/9/9,2.8
4271,2022/9/13,2.808
4272,2022/9/14,2.788
4273,2022/9/15,2.784
4274,2022/9/16,2.724
4275,2022/9/19,2.719
4276,2022/9/20,2.714
4277,2022/9/21,2.691
4278,2022/9/22,2.67
4279,2022/9/23,2.672
4280,2022/9/26,2.654
4281,2022/9/27,2.681
4282,2022/9/28,2.651
4283,2022/9/29,2.651
4284,2022/9/30,2.65
