,期权代码,认购/认沽,到期日
0,10000001,认购,2015-03-25
1,10000002,认购,2015-03-25
2,10000003,认购,2015-03-25
3,10000004,认购,2015-03-25
4,10000005,认购,2015-03-25
5,10000006,认沽,2015-03-25
6,10000007,认沽,2015-03-25
7,10000008,认沽,2015-03-25
8,10000009,认沽,2015-03-25
9,10000010,认沽,2015-03-25
10,10000011,认购,2015-04-22
11,10000012,认购,2015-04-22
12,10000013,认购,2015-04-22
13,10000014,认购,2015-04-22
14,10000015,认购,2015-04-22
15,10000016,认沽,2015-04-22
16,10000017,认沽,2015-04-22
17,10000018,认沽,2015-04-22
18,10000019,认沽,2015-04-22
19,10000020,认沽,2015-04-22
20,10000021,认购,2015-06-24
21,10000022,认购,2015-06-24
22,10000023,认购,2015-06-24
23,10000024,认购,2015-06-24
24,10000025,认购,2015-06-24
25,10000026,认沽,2015-06-24
26,10000027,认沽,2015-06-24
27,10000028,认沽,2015-06-24
28,10000029,认沽,2015-06-24
29,10000030,认沽,2015-06-24
30,10000031,认购,2015-09-23
31,10000032,认购,2015-09-23
32,10000033,认购,2015-09-23
33,10000034,认购,2015-09-23
34,10000035,认购,2015-09-23
35,10000036,认沽,2015-09-23
36,10000037,认沽,2015-09-23
37,10000038,认沽,2015-09-23
38,10000039,认沽,2015-09-23
39,10000040,认沽,2015-09-23
40,10000041,认购,2015-03-25
41,10000042,认沽,2015-03-25
42,10000043,认购,2015-04-22
43,10000044,认沽,2015-04-22
44,10000045,认购,2015-06-24
45,10000046,认沽,2015-06-24
46,10000047,认购,2015-09-23
47,10000048,认沽,2015-09-23
48,10000049,认购,2015-03-25
49,10000050,认沽,2015-03-25
50,10000051,认购,2015-04-22
51,10000052,认沽,2015-04-22
52,10000053,认购,2015-06-24
53,10000054,认沽,2015-06-24
54,10000055,认购,2015-09-23
55,10000056,认沽,2015-09-23
56,10000057,认购,2015-03-25
57,10000058,认沽,2015-03-25
58,10000059,认购,2015-04-22
59,10000060,认沽,2015-04-22
60,10000061,认购,2015-06-24
61,10000062,认沽,2015-06-24
62,10000063,认购,2015-09-23
63,10000064,认沽,2015-09-23
64,10000065,认购,2015-03-25
65,10000066,认沽,2015-03-25
66,10000067,认购,2015-04-22
67,10000068,认沽,2015-04-22
68,10000069,认购,2015-06-24
69,10000070,认沽,2015-06-24
70,10000071,认购,2015-09-23
71,10000072,认沽,2015-09-23
72,10000073,认购,2015-03-25
73,10000074,认沽,2015-03-25
74,10000075,认购,2015-04-22
75,10000076,认沽,2015-04-22
76,10000077,认购,2015-06-24
77,10000078,认沽,2015-06-24
78,10000079,认购,2015-09-23
79,10000080,认沽,2015-09-23
80,10000081,认购,2015-03-25
81,10000082,认沽,2015-03-25
82,10000083,认购,2015-04-22
83,10000084,认沽,2015-04-22
84,10000085,认购,2015-06-24
85,10000086,认沽,2015-06-24
86,10000087,认购,2015-09-23
87,10000088,认沽,2015-09-23
88,10000089,认购,2015-03-25
89,10000090,认沽,2015-03-25
90,10000091,认购,2015-04-22
91,10000092,认沽,2015-04-22
92,10000093,认购,2015-06-24
93,10000094,认沽,2015-06-24
94,10000095,认购,2015-09-23
95,10000096,认沽,2015-09-23
96,10000097,认购,2015-03-25
97,10000098,认沽,2015-03-25
98,10000099,认购,2015-04-22
99,10000100,认沽,2015-04-22
100,10000101,认购,2015-06-24
101,10000102,认沽,2015-06-24
102,10000103,认购,2015-09-23
103,10000104,认沽,2015-09-23
104,10000105,认购,2015-05-27
105,10000106,认购,2015-05-27
106,10000107,认购,2015-05-27
107,10000108,认购,2015-05-27
108,10000109,认购,2015-05-27
109,10000110,认沽,2015-05-27
110,10000111,认沽,2015-05-27
111,10000112,认沽,2015-05-27
112,10000113,认沽,2015-05-27
113,10000114,认沽,2015-05-27
114,10000115,认购,2015-05-27
115,10000116,认沽,2015-05-27
116,10000117,认购,2015-04-22
117,10000118,认沽,2015-04-22
118,10000119,认购,2015-05-27
119,10000120,认购,2015-05-27
120,10000121,认沽,2015-05-27
121,10000122,认沽,2015-05-27
122,10000123,认购,2015-06-24
123,10000124,认沽,2015-06-24
124,10000125,认购,2015-09-23
125,10000126,认沽,2015-09-23
126,10000127,认购,2015-04-22
127,10000128,认购,2015-04-22
128,10000129,认沽,2015-04-22
129,10000130,认沽,2015-04-22
130,10000131,认购,2015-05-27
131,10000132,认购,2015-05-27
132,10000133,认沽,2015-05-27
133,10000134,认沽,2015-05-27
134,10000135,认购,2015-06-24
135,10000136,认购,2015-06-24
136,10000137,认沽,2015-06-24
137,10000138,认沽,2015-06-24
138,10000139,认购,2015-09-23
139,10000140,认购,2015-09-23
140,10000141,认沽,2015-09-23
141,10000142,认沽,2015-09-23
142,10000143,认购,2015-04-22
143,10000144,认沽,2015-04-22
144,10000145,认购,2015-05-27
145,10000146,认沽,2015-05-27
146,10000147,认购,2015-06-24
147,10000148,认沽,2015-06-24
148,10000149,认购,2015-09-23
149,10000150,认沽,2015-09-23
150,10000151,认购,2015-04-22
151,10000152,认沽,2015-04-22
152,10000153,认购,2015-05-27
153,10000154,认沽,2015-05-27
154,10000155,认购,2015-06-24
155,10000156,认沽,2015-06-24
156,10000157,认购,2015-09-23
157,10000158,认沽,2015-09-23
158,10000159,认购,2015-04-22
159,10000160,认沽,2015-04-22
160,10000161,认购,2015-05-27
161,10000162,认沽,2015-05-27
162,10000163,认购,2015-06-24
163,10000164,认沽,2015-06-24
164,10000165,认购,2015-09-23
165,10000166,认沽,2015-09-23
166,10000167,认购,2015-04-22
167,10000168,认沽,2015-04-22
168,10000169,认购,2015-05-27
169,10000170,认沽,2015-05-27
170,10000171,认购,2015-06-24
171,10000172,认沽,2015-06-24
172,10000173,认购,2015-09-23
173,10000174,认沽,2015-09-23
174,10000175,认购,2015-04-22
175,10000176,认沽,2015-04-22
176,10000177,认购,2015-05-27
177,10000178,认沽,2015-05-27
178,10000179,认购,2015-06-24
179,10000180,认沽,2015-06-24
180,10000181,认购,2015-09-23
181,10000182,认沽,2015-09-23
182,10000183,认购,2015-12-23
183,10000184,认购,2015-12-23
184,10000185,认购,2015-12-23
185,10000186,认购,2015-12-23
186,10000187,认购,2015-12-23
187,10000188,认沽,2015-12-23
188,10000189,认沽,2015-12-23
189,10000190,认沽,2015-12-23
190,10000191,认沽,2015-12-23
191,10000192,认沽,2015-12-23
192,10000193,认购,2015-05-27
193,10000194,认沽,2015-05-27
194,10000195,认购,2015-06-24
195,10000196,认沽,2015-06-24
196,10000197,认购,2015-09-23
197,10000198,认沽,2015-09-23
198,10000199,认购,2015-12-23
199,10000200,认沽,2015-12-23
200,10000201,认购,2015-12-23
201,10000202,认沽,2015-12-23
202,10000203,认购,2015-12-23
203,10000204,认沽,2015-12-23
204,10000205,认购,2015-12-23
205,10000206,认沽,2015-12-23
206,10000207,认购,2015-07-22
207,10000208,认购,2015-07-22
208,10000209,认购,2015-07-22
209,10000210,认购,2015-07-22
210,10000211,认购,2015-07-22
211,10000212,认沽,2015-07-22
212,10000213,认沽,2015-07-22
213,10000214,认沽,2015-07-22
214,10000215,认沽,2015-07-22
215,10000216,认沽,2015-07-22
216,10000217,认购,2015-07-22
217,10000218,认购,2015-07-22
218,10000219,认沽,2015-07-22
219,10000220,认沽,2015-07-22
220,10000221,认购,2015-06-24
221,10000222,认沽,2015-06-24
222,10000223,认购,2015-07-22
223,10000224,认沽,2015-07-22
224,10000225,认购,2015-09-23
225,10000226,认沽,2015-09-23
226,10000227,认购,2015-12-23
227,10000228,认沽,2015-12-23
228,10000229,认购,2015-07-22
229,10000230,认沽,2015-07-22
230,10000231,认购,2015-07-22
231,10000232,认购,2015-07-22
232,10000233,认购,2015-07-22
233,10000234,认沽,2015-07-22
234,10000235,认沽,2015-07-22
235,10000236,认沽,2015-07-22
236,10000237,认购,2015-12-23
237,10000238,认购,2015-12-23
238,10000239,认沽,2015-12-23
239,10000240,认沽,2015-12-23
240,10000241,认购,2015-08-26
241,10000242,认购,2015-08-26
242,10000243,认购,2015-08-26
243,10000244,认购,2015-08-26
244,10000245,认购,2015-08-26
245,10000246,认沽,2015-08-26
246,10000247,认沽,2015-08-26
247,10000248,认沽,2015-08-26
248,10000249,认沽,2015-08-26
249,10000250,认沽,2015-08-26
250,10000251,认购,2015-08-26
251,10000252,认购,2015-08-26
252,10000253,认沽,2015-08-26
253,10000254,认沽,2015-08-26
254,10000255,认购,2015-07-22
255,10000256,认购,2015-07-22
256,10000257,认购,2015-07-22
257,10000258,认沽,2015-07-22
258,10000259,认沽,2015-07-22
259,10000260,认沽,2015-07-22
260,10000261,认购,2015-08-26
261,10000262,认购,2015-08-26
262,10000263,认购,2015-08-26
263,10000264,认购,2015-08-26
264,10000265,认沽,2015-08-26
265,10000266,认沽,2015-08-26
266,10000267,认沽,2015-08-26
267,10000268,认沽,2015-08-26
268,10000269,认购,2015-12-23
269,10000270,认购,2015-12-23
270,10000271,认购,2015-12-23
271,10000272,认沽,2015-12-23
272,10000273,认沽,2015-12-23
273,10000274,认沽,2015-12-23
274,10000275,认购,2015-07-22
275,10000276,认沽,2015-07-22
276,10000277,认购,2015-08-26
277,10000278,认沽,2015-08-26
278,10000279,认购,2015-12-23
279,10000280,认沽,2015-12-23
280,10000281,认购,2015-07-22
281,10000282,认沽,2015-07-22
282,10000283,认购,2015-08-26
283,10000284,认沽,2015-08-26
284,10000285,认购,2015-12-23
285,10000286,认沽,2015-12-23
286,10000287,认购,2016-03-23
287,10000288,认购,2016-03-23
288,10000289,认购,2016-03-23
289,10000290,认购,2016-03-23
290,10000291,认购,2016-03-23
291,10000292,认沽,2016-03-23
292,10000293,认沽,2016-03-23
293,10000294,认沽,2016-03-23
294,10000295,认沽,2016-03-23
295,10000296,认沽,2016-03-23
296,10000297,认购,2016-03-23
297,10000298,认沽,2016-03-23
298,10000299,认购,2015-08-26
299,10000300,认购,2015-08-26
300,10000301,认沽,2015-08-26
301,10000302,认沽,2015-08-26
302,10000303,认购,2015-12-23
303,10000304,认购,2015-12-23
304,10000305,认沽,2015-12-23
305,10000306,认沽,2015-12-23
306,10000307,认购,2016-03-23
307,10000308,认购,2016-03-23
308,10000309,认购,2016-03-23
309,10000310,认购,2016-03-23
310,10000311,认购,2016-03-23
311,10000312,认沽,2016-03-23
312,10000313,认沽,2016-03-23
313,10000314,认沽,2016-03-23
314,10000315,认沽,2016-03-23
315,10000316,认沽,2016-03-23
316,10000317,认购,2015-08-26
317,10000318,认沽,2015-08-26
318,10000319,认购,2015-12-23
319,10000320,认沽,2015-12-23
320,10000321,认购,2016-03-23
321,10000322,认沽,2016-03-23
322,10000323,认购,2015-08-26
323,10000324,认沽,2015-08-26
324,10000325,认购,2015-12-23
325,10000326,认沽,2015-12-23
326,10000327,认购,2016-03-23
327,10000328,认沽,2016-03-23
328,10000329,认购,2015-08-26
329,10000330,认沽,2015-08-26
330,10000331,认购,2015-12-23
331,10000332,认沽,2015-12-23
332,10000333,认购,2016-03-23
333,10000334,认沽,2016-03-23
334,10000335,认购,2015-08-26
335,10000336,认购,2015-08-26
336,10000337,认沽,2015-08-26
337,10000338,认沽,2015-08-26
338,10000339,认购,2015-09-23
339,10000340,认沽,2015-09-23
340,10000341,认购,2015-12-23
341,10000342,认购,2015-12-23
342,10000343,认沽,2015-12-23
343,10000344,认沽,2015-12-23
344,10000345,认购,2016-03-23
345,10000346,认购,2016-03-23
346,10000347,认沽,2016-03-23
347,10000348,认沽,2016-03-23
348,10000349,认购,2015-08-26
349,10000350,认购,2015-08-26
350,10000351,认购,2015-08-26
351,10000352,认购,2015-08-26
352,10000353,认沽,2015-08-26
353,10000354,认沽,2015-08-26
354,10000355,认沽,2015-08-26
355,10000356,认沽,2015-08-26
356,10000357,认购,2015-09-23
357,10000358,认购,2015-09-23
358,10000359,认购,2015-09-23
359,10000360,认购,2015-09-23
360,10000361,认沽,2015-09-23
361,10000362,认沽,2015-09-23
362,10000363,认沽,2015-09-23
363,10000364,认沽,2015-09-23
364,10000365,认购,2015-12-23
365,10000366,认购,2015-12-23
366,10000367,认购,2015-12-23
367,10000368,认购,2015-12-23
368,10000369,认沽,2015-12-23
369,10000370,认沽,2015-12-23
370,10000371,认沽,2015-12-23
371,10000372,认沽,2015-12-23
372,10000373,认购,2016-03-23
373,10000374,认购,2016-03-23
374,10000375,认购,2016-03-23
375,10000376,认购,2016-03-23
376,10000377,认沽,2016-03-23
377,10000378,认沽,2016-03-23
378,10000379,认沽,2016-03-23
379,10000380,认沽,2016-03-23
380,10000381,认购,2015-08-26
381,10000382,认购,2015-08-26
382,10000383,认购,2015-08-26
383,10000384,认沽,2015-08-26
384,10000385,认沽,2015-08-26
385,10000386,认沽,2015-08-26
386,10000387,认购,2015-09-23
387,10000388,认购,2015-09-23
388,10000389,认购,2015-09-23
389,10000390,认沽,2015-09-23
390,10000391,认沽,2015-09-23
391,10000392,认沽,2015-09-23
392,10000393,认购,2015-12-23
393,10000394,认购,2015-12-23
394,10000395,认购,2015-12-23
395,10000396,认沽,2015-12-23
396,10000397,认沽,2015-12-23
397,10000398,认沽,2015-12-23
398,10000399,认购,2016-03-23
399,10000400,认购,2016-03-23
400,10000401,认购,2016-03-23
401,10000402,认沽,2016-03-23
402,10000403,认沽,2016-03-23
403,10000404,认沽,2016-03-23
404,10000405,认购,2015-10-28
405,10000406,认购,2015-10-28
406,10000407,认购,2015-10-28
407,10000408,认购,2015-10-28
408,10000409,认购,2015-10-28
409,10000410,认沽,2015-10-28
410,10000411,认沽,2015-10-28
411,10000412,认沽,2015-10-28
412,10000413,认沽,2015-10-28
413,10000414,认沽,2015-10-28
414,10000415,认购,2015-10-28
415,10000416,认购,2015-10-28
416,10000417,认购,2015-10-28
417,10000418,认沽,2015-10-28
418,10000419,认沽,2015-10-28
419,10000420,认沽,2015-10-28
420,10000421,认购,2015-10-28
421,10000422,认沽,2015-10-28
422,10000423,认购,2015-10-28
423,10000424,认沽,2015-10-28
424,10000425,认购,2015-10-28
425,10000426,认沽,2015-10-28
426,10000427,认购,2015-11-25
427,10000428,认购,2015-11-25
428,10000429,认购,2015-11-25
429,10000430,认购,2015-11-25
430,10000431,认购,2015-11-25
431,10000432,认沽,2015-11-25
432,10000433,认沽,2015-11-25
433,10000434,认沽,2015-11-25
434,10000435,认沽,2015-11-25
435,10000436,认沽,2015-11-25
436,10000437,认购,2015-11-25
437,10000438,认沽,2015-11-25
438,10000439,认购,2015-10-28
439,10000440,认沽,2015-10-28
440,10000441,认购,2015-11-25
441,10000442,认购,2015-11-25
442,10000443,认沽,2015-11-25
443,10000444,认沽,2015-11-25
444,10000445,认购,2015-10-28
445,10000446,认沽,2015-10-28
446,10000447,认购,2015-11-25
447,10000448,认沽,2015-11-25
448,10000449,认购,2016-06-22
449,10000450,认购,2016-06-22
450,10000451,认购,2016-06-22
451,10000452,认购,2016-06-22
452,10000453,认购,2016-06-22
453,10000454,认沽,2016-06-22
454,10000455,认沽,2016-06-22
455,10000456,认沽,2016-06-22
456,10000457,认沽,2016-06-22
457,10000458,认沽,2016-06-22
458,10000459,认购,2016-06-22
459,10000460,认沽,2016-06-22
460,10000461,认购,2015-11-25
461,10000462,认沽,2015-11-25
462,10000463,认购,2016-06-22
463,10000464,认购,2016-06-22
464,10000465,认沽,2016-06-22
465,10000466,认沽,2016-06-22
466,10000467,认购,2015-11-25
467,10000468,认沽,2015-11-25
468,10000469,认购,2016-06-22
469,10000470,认沽,2016-06-22
470,10000471,认购,2015-11-25
471,10000472,认沽,2015-11-25
472,10000473,认购,2016-06-22
473,10000474,认沽,2016-06-22
474,10000475,认购,2015-11-25
475,10000476,认沽,2015-11-25
476,10000477,认购,2016-06-22
477,10000478,认沽,2016-06-22
478,10000479,认购,2016-01-27
479,10000480,认购,2016-01-27
480,10000481,认购,2016-01-27
481,10000482,认购,2016-01-27
482,10000483,认购,2016-01-27
483,10000484,认沽,2016-01-27
484,10000485,认沽,2016-01-27
485,10000486,认沽,2016-01-27
486,10000487,认沽,2016-01-27
487,10000488,认沽,2016-01-27
488,10000489,认购,2016-01-27
489,10000490,认购,2016-01-27
490,10000491,认购,2016-01-27
491,10000492,认沽,2016-01-27
492,10000493,认沽,2016-01-27
493,10000494,认沽,2016-01-27
494,10000495,认购,2016-01-27
495,10000496,认沽,2016-01-27
496,10000497,认购,2016-02-24
497,10000498,认购,2016-02-24
498,10000499,认购,2016-02-24
499,10000500,认购,2016-02-24
500,10000501,认购,2016-02-24
501,10000502,认沽,2016-02-24
502,10000503,认沽,2016-02-24
503,10000504,认沽,2016-02-24
504,10000505,认沽,2016-02-24
505,10000506,认沽,2016-02-24
506,10000507,认购,2016-02-24
507,10000508,认购,2016-02-24
508,10000509,认沽,2016-02-24
509,10000510,认沽,2016-02-24
510,10000511,认购,2016-02-24
511,10000512,认购,2016-02-24
512,10000513,认沽,2016-02-24
513,10000514,认沽,2016-02-24
514,10000515,认购,2016-01-27
515,10000516,认购,2016-01-27
516,10000517,认沽,2016-01-27
517,10000518,认沽,2016-01-27
518,10000519,认购,2016-02-24
519,10000520,认购,2016-02-24
520,10000521,认沽,2016-02-24
521,10000522,认沽,2016-02-24
522,10000523,认购,2016-06-22
523,10000524,认沽,2016-06-22
524,10000525,认购,2016-01-27
525,10000526,认沽,2016-01-27
526,10000527,认购,2016-02-24
527,10000528,认沽,2016-02-24
528,10000529,认购,2016-06-22
529,10000530,认沽,2016-06-22
530,10000531,认购,2016-01-27
531,10000532,认沽,2016-01-27
532,10000533,认购,2016-02-24
533,10000534,认沽,2016-02-24
534,10000535,认购,2016-06-22
535,10000536,认沽,2016-06-22
536,10000537,认购,2016-01-27
537,10000538,认沽,2016-01-27
538,10000539,认购,2016-02-24
539,10000540,认沽,2016-02-24
540,10000541,认购,2016-06-22
541,10000542,认沽,2016-06-22
542,10000543,认购,2016-01-27
543,10000544,认购,2016-01-27
544,10000545,认沽,2016-01-27
545,10000546,认沽,2016-01-27
546,10000547,认购,2016-02-24
547,10000548,认购,2016-02-24
548,10000549,认沽,2016-02-24
549,10000550,认沽,2016-02-24
550,10000551,认购,2016-06-22
551,10000552,认购,2016-06-22
552,10000553,认沽,2016-06-22
553,10000554,认沽,2016-06-22
554,10000555,认购,2016-09-28
555,10000556,认购,2016-09-28
556,10000557,认购,2016-09-28
557,10000558,认购,2016-09-28
558,10000559,认购,2016-09-28
559,10000560,认沽,2016-09-28
560,10000561,认沽,2016-09-28
561,10000562,认沽,2016-09-28
562,10000563,认沽,2016-09-28
563,10000564,认沽,2016-09-28
564,10000565,认购,2016-02-24
565,10000566,认沽,2016-02-24
566,10000567,认购,2016-06-22
567,10000568,认沽,2016-06-22
568,10000569,认购,2016-09-28
569,10000570,认沽,2016-09-28
570,10000571,认购,2016-09-28
571,10000572,认沽,2016-09-28
572,10000573,认购,2016-09-28
573,10000574,认沽,2016-09-28
574,10000575,认购,2016-04-27
575,10000576,认购,2016-04-27
576,10000577,认购,2016-04-27
577,10000578,认购,2016-04-27
578,10000579,认购,2016-04-27
579,10000580,认沽,2016-04-27
580,10000581,认沽,2016-04-27
581,10000582,认沽,2016-04-27
582,10000583,认沽,2016-04-27
583,10000584,认沽,2016-04-27
584,10000585,认购,2016-04-27
585,10000586,认购,2016-04-27
586,10000587,认沽,2016-04-27
587,10000588,认沽,2016-04-27
588,10000589,认购,2016-04-27
589,10000590,认沽,2016-04-27
590,10000591,认购,2016-09-28
591,10000592,认沽,2016-09-28
592,10000593,认购,2016-04-27
593,10000594,认沽,2016-04-27
594,10000595,认购,2016-09-28
595,10000596,认沽,2016-09-28
596,10000597,认购,2016-04-27
597,10000598,认沽,2016-04-27
598,10000599,认购,2016-09-28
599,10000600,认沽,2016-09-28
600,10000601,认购,2016-05-25
601,10000602,认购,2016-05-25
602,10000603,认购,2016-05-25
603,10000604,认购,2016-05-25
604,10000605,认购,2016-05-25
605,10000606,认沽,2016-05-25
606,10000607,认沽,2016-05-25
607,10000608,认沽,2016-05-25
608,10000609,认沽,2016-05-25
609,10000610,认沽,2016-05-25
610,10000611,认购,2016-05-25
611,10000612,认沽,2016-05-25
612,10000613,认购,2016-05-25
613,10000614,认沽,2016-05-25
614,10000615,认购,2016-12-28
615,10000616,认购,2016-12-28
616,10000617,认购,2016-12-28
617,10000618,认购,2016-12-28
618,10000619,认购,2016-12-28
619,10000620,认沽,2016-12-28
620,10000621,认沽,2016-12-28
621,10000622,认沽,2016-12-28
622,10000623,认沽,2016-12-28
623,10000624,认沽,2016-12-28
624,10000625,认购,2016-12-28
625,10000626,认沽,2016-12-28
626,10000627,认购,2016-05-25
627,10000628,认沽,2016-05-25
628,10000629,认购,2016-12-28
629,10000630,认沽,2016-12-28
630,10000631,认购,2016-07-27
631,10000632,认购,2016-07-27
632,10000633,认购,2016-07-27
633,10000634,认购,2016-07-27
634,10000635,认购,2016-07-27
635,10000636,认沽,2016-07-27
636,10000637,认沽,2016-07-27
637,10000638,认沽,2016-07-27
638,10000639,认沽,2016-07-27
639,10000640,认沽,2016-07-27
640,10000641,认购,2016-07-27
641,10000642,认沽,2016-07-27
642,10000643,认购,2016-07-27
643,10000644,认沽,2016-07-27
644,10000645,认购,2016-08-24
645,10000646,认购,2016-08-24
646,10000647,认购,2016-08-24
647,10000648,认购,2016-08-24
648,10000649,认购,2016-08-24
649,10000650,认沽,2016-08-24
650,10000651,认沽,2016-08-24
651,10000652,认沽,2016-08-24
652,10000653,认沽,2016-08-24
653,10000654,认沽,2016-08-24
654,10000655,认购,2016-08-24
655,10000656,认沽,2016-08-24
656,10000657,认购,2016-07-27
657,10000658,认沽,2016-07-27
658,10000659,认购,2016-08-24
659,10000660,认沽,2016-08-24
660,10000661,认购,2016-12-28
661,10000662,认沽,2016-12-28
662,10000663,认购,2016-07-27
663,10000664,认沽,2016-07-27
664,10000665,认购,2016-08-24
665,10000666,认沽,2016-08-24
666,10000667,认购,2016-09-28
667,10000668,认沽,2016-09-28
668,10000669,认购,2016-12-28
669,10000670,认沽,2016-12-28
670,10000671,认购,2017-03-22
671,10000672,认购,2017-03-22
672,10000673,认购,2017-03-22
673,10000674,认购,2017-03-22
674,10000675,认购,2017-03-22
675,10000676,认沽,2017-03-22
676,10000677,认沽,2017-03-22
677,10000678,认沽,2017-03-22
678,10000679,认沽,2017-03-22
679,10000680,认沽,2017-03-22
680,10000681,认购,2017-03-22
681,10000682,认沽,2017-03-22
682,10000683,认购,2016-08-24
683,10000684,认购,2016-08-24
684,10000685,认沽,2016-08-24
685,10000686,认沽,2016-08-24
686,10000687,认购,2016-09-28
687,10000688,认购,2016-09-28
688,10000689,认沽,2016-09-28
689,10000690,认沽,2016-09-28
690,10000691,认购,2016-12-28
691,10000692,认购,2016-12-28
692,10000693,认沽,2016-12-28
693,10000694,认沽,2016-12-28
694,10000695,认购,2017-03-22
695,10000696,认购,2017-03-22
696,10000697,认沽,2017-03-22
697,10000698,认沽,2017-03-22
698,10000699,认购,2016-10-26
699,10000700,认购,2016-10-26
700,10000701,认购,2016-10-26
701,10000702,认购,2016-10-26
702,10000703,认购,2016-10-26
703,10000704,认沽,2016-10-26
704,10000705,认沽,2016-10-26
705,10000706,认沽,2016-10-26
706,10000707,认沽,2016-10-26
707,10000708,认沽,2016-10-26
708,10000709,认购,2016-10-26
709,10000710,认沽,2016-10-26
710,10000711,认购,2016-10-26
711,10000712,认沽,2016-10-26
712,10000713,认购,2016-11-23
713,10000714,认购,2016-11-23
714,10000715,认购,2016-11-23
715,10000716,认购,2016-11-23
716,10000717,认购,2016-11-23
717,10000718,认沽,2016-11-23
718,10000719,认沽,2016-11-23
719,10000720,认沽,2016-11-23
720,10000721,认沽,2016-11-23
721,10000722,认沽,2016-11-23
722,10000723,认购,2016-11-23
723,10000724,认沽,2016-11-23
724,10000725,认购,2016-11-23
725,10000726,认沽,2016-11-23
726,10000727,认购,2017-06-28
727,10000728,认购,2017-06-28
728,10000729,认购,2017-06-28
729,10000730,认购,2017-06-28
730,10000731,认购,2017-06-28
731,10000732,认沽,2017-06-28
732,10000733,认沽,2017-06-28
733,10000734,认沽,2017-06-28
734,10000735,认沽,2017-06-28
735,10000736,认沽,2017-06-28
736,10000737,认购,2016-11-23
737,10000738,认沽,2016-11-23
738,10000739,认购,2017-06-28
739,10000740,认沽,2017-06-28
740,10000741,认购,2016-11-23
741,10000742,认沽,2016-11-23
742,10000743,认购,2016-12-28
743,10000744,认沽,2016-12-28
744,10000745,认购,2017-03-22
745,10000746,认沽,2017-03-22
746,10000747,认购,2017-06-28
747,10000748,认沽,2017-06-28
748,10000749,认购,2017-01-25
749,10000750,认购,2017-01-25
750,10000751,认购,2017-01-25
751,10000752,认购,2017-01-25
752,10000753,认购,2017-01-25
753,10000754,认沽,2017-01-25
754,10000755,认沽,2017-01-25
755,10000756,认沽,2017-01-25
756,10000757,认沽,2017-01-25
757,10000758,认沽,2017-01-25
758,10000759,认购,2016-12-28
759,10000760,认沽,2016-12-28
760,10000761,认购,2017-01-25
761,10000762,认沽,2017-01-25
762,10000763,认购,2017-03-22
763,10000764,认沽,2017-03-22
764,10000765,认购,2017-06-28
765,10000766,认沽,2017-06-28
766,10000767,认购,2016-12-28
767,10000768,认购,2016-12-28
768,10000769,认购,2016-12-28
769,10000770,认购,2016-12-28
770,10000771,认购,2016-12-28
771,10000772,认沽,2016-12-28
772,10000773,认沽,2016-12-28
773,10000774,认沽,2016-12-28
774,10000775,认沽,2016-12-28
775,10000776,认沽,2016-12-28
776,10000777,认购,2017-01-25
777,10000778,认购,2017-01-25
778,10000779,认购,2017-01-25
779,10000780,认购,2017-01-25
780,10000781,认购,2017-01-25
781,10000782,认沽,2017-01-25
782,10000783,认沽,2017-01-25
783,10000784,认沽,2017-01-25
784,10000785,认沽,2017-01-25
785,10000786,认沽,2017-01-25
786,10000787,认购,2017-03-22
787,10000788,认购,2017-03-22
788,10000789,认购,2017-03-22
789,10000790,认购,2017-03-22
790,10000791,认购,2017-03-22
791,10000792,认沽,2017-03-22
792,10000793,认沽,2017-03-22
793,10000794,认沽,2017-03-22
794,10000795,认沽,2017-03-22
795,10000796,认沽,2017-03-22
796,10000797,认购,2017-06-28
797,10000798,认购,2017-06-28
798,10000799,认购,2017-06-28
799,10000800,认购,2017-06-28
800,10000801,认购,2017-06-28
801,10000802,认沽,2017-06-28
802,10000803,认沽,2017-06-28
803,10000804,认沽,2017-06-28
804,10000805,认沽,2017-06-28
805,10000806,认沽,2017-06-28
806,10000807,认购,2016-12-28
807,10000808,认沽,2016-12-28
808,10000809,认购,2017-01-25
809,10000810,认沽,2017-01-25
810,10000811,认购,2017-03-22
811,10000812,认沽,2017-03-22
812,10000813,认购,2017-06-28
813,10000814,认沽,2017-06-28
814,10000815,认购,2016-12-28
815,10000816,认沽,2016-12-28
816,10000817,认购,2017-01-25
817,10000818,认沽,2017-01-25
818,10000819,认购,2017-03-22
819,10000820,认沽,2017-03-22
820,10000821,认购,2017-06-28
821,10000822,认沽,2017-06-28
822,10000823,认购,2016-12-28
823,10000824,认沽,2016-12-28
824,10000825,认购,2017-01-25
825,10000826,认沽,2017-01-25
826,10000827,认购,2017-03-22
827,10000828,认沽,2017-03-22
828,10000829,认购,2017-06-28
829,10000830,认沽,2017-06-28
830,10000831,认购,2017-02-22
831,10000832,认购,2017-02-22
832,10000833,认购,2017-02-22
833,10000834,认购,2017-02-22
834,10000835,认购,2017-02-22
835,10000836,认沽,2017-02-22
836,10000837,认沽,2017-02-22
837,10000838,认沽,2017-02-22
838,10000839,认沽,2017-02-22
839,10000840,认沽,2017-02-22
840,10000841,认购,2017-02-22
841,10000842,认沽,2017-02-22
842,10000843,认购,2017-09-27
843,10000844,认购,2017-09-27
844,10000845,认购,2017-09-27
845,10000846,认购,2017-09-27
846,10000847,认购,2017-09-27
847,10000848,认沽,2017-09-27
848,10000849,认沽,2017-09-27
849,10000850,认沽,2017-09-27
850,10000851,认沽,2017-09-27
851,10000852,认沽,2017-09-27
852,10000853,认购,2017-02-22
853,10000854,认沽,2017-02-22
854,10000855,认购,2017-09-27
855,10000856,认沽,2017-09-27
856,10000857,认购,2017-04-26
857,10000858,认购,2017-04-26
858,10000859,认购,2017-04-26
859,10000860,认购,2017-04-26
860,10000861,认购,2017-04-26
861,10000862,认沽,2017-04-26
862,10000863,认沽,2017-04-26
863,10000864,认沽,2017-04-26
864,10000865,认沽,2017-04-26
865,10000866,认沽,2017-04-26
866,10000867,认购,2017-04-26
867,10000868,认沽,2017-04-26
868,10000869,认购,2017-05-24
869,10000870,认购,2017-05-24
870,10000871,认购,2017-05-24
871,10000872,认购,2017-05-24
872,10000873,认购,2017-05-24
873,10000874,认沽,2017-05-24
874,10000875,认沽,2017-05-24
875,10000876,认沽,2017-05-24
876,10000877,认沽,2017-05-24
877,10000878,认沽,2017-05-24
878,10000879,认购,2017-05-24
879,10000880,认沽,2017-05-24
880,10000881,认购,2017-04-26
881,10000882,认沽,2017-04-26
882,10000883,认购,2017-05-24
883,10000884,认沽,2017-05-24
884,10000885,认购,2017-09-27
885,10000886,认沽,2017-09-27
886,10000887,认购,2017-12-27
887,10000888,认购,2017-12-27
888,10000889,认购,2017-12-27
889,10000890,认购,2017-12-27
890,10000891,认购,2017-12-27
891,10000892,认沽,2017-12-27
892,10000893,认沽,2017-12-27
893,10000894,认沽,2017-12-27
894,10000895,认沽,2017-12-27
895,10000896,认沽,2017-12-27
896,10000897,认购,2017-12-27
897,10000898,认沽,2017-12-27
898,10000899,认购,2017-12-27
899,10000900,认沽,2017-12-27
900,10000901,认购,2017-07-26
901,10000902,认购,2017-07-26
902,10000903,认购,2017-07-26
903,10000904,认购,2017-07-26
904,10000905,认购,2017-07-26
905,10000906,认沽,2017-07-26
906,10000907,认沽,2017-07-26
907,10000908,认沽,2017-07-26
908,10000909,认沽,2017-07-26
909,10000910,认沽,2017-07-26
910,10000911,认购,2017-07-26
911,10000912,认沽,2017-07-26
912,10000913,认购,2017-09-27
913,10000914,认沽,2017-09-27
914,10000915,认购,2017-12-27
915,10000916,认沽,2017-12-27
916,10000917,认购,2017-06-28
917,10000918,认沽,2017-06-28
918,10000919,认购,2017-07-26
919,10000920,认沽,2017-07-26
920,10000921,认购,2017-09-27
921,10000922,认沽,2017-09-27
922,10000923,认购,2017-12-27
923,10000924,认沽,2017-12-27
924,10000925,认购,2017-06-28
925,10000926,认沽,2017-06-28
926,10000927,认购,2017-07-26
927,10000928,认沽,2017-07-26
928,10000929,认购,2017-09-27
929,10000930,认沽,2017-09-27
930,10000931,认购,2017-12-27
931,10000932,认沽,2017-12-27
932,10000933,认购,2017-08-23
933,10000934,认购,2017-08-23
934,10000935,认购,2017-08-23
935,10000936,认购,2017-08-23
936,10000937,认购,2017-08-23
937,10000938,认沽,2017-08-23
938,10000939,认沽,2017-08-23
939,10000940,认沽,2017-08-23
940,10000941,认沽,2017-08-23
941,10000942,认沽,2017-08-23
942,10000943,认购,2017-08-23
943,10000944,认沽,2017-08-23
944,10000945,认购,2017-07-26
945,10000946,认沽,2017-07-26
946,10000947,认购,2017-08-23
947,10000948,认沽,2017-08-23
948,10000949,认购,2017-09-27
949,10000950,认沽,2017-09-27
950,10000951,认购,2017-12-27
951,10000952,认沽,2017-12-27
952,10000953,认购,2017-07-26
953,10000954,认沽,2017-07-26
954,10000955,认购,2017-08-23
955,10000956,认沽,2017-08-23
956,10000957,认购,2017-09-27
957,10000958,认沽,2017-09-27
958,10000959,认购,2017-12-27
959,10000960,认沽,2017-12-27
960,10000961,认购,2017-07-26
961,10000962,认沽,2017-07-26
962,10000963,认购,2017-08-23
963,10000964,认沽,2017-08-23
964,10000965,认购,2017-09-27
965,10000966,认沽,2017-09-27
966,10000967,认购,2017-12-27
967,10000968,认沽,2017-12-27
968,10000969,认购,2018-03-28
969,10000970,认购,2018-03-28
970,10000971,认购,2018-03-28
971,10000972,认购,2018-03-28
972,10000973,认购,2018-03-28
973,10000974,认沽,2018-03-28
974,10000975,认沽,2018-03-28
975,10000976,认沽,2018-03-28
976,10000977,认沽,2018-03-28
977,10000978,认沽,2018-03-28
978,10000979,认购,2017-08-23
979,10000980,认沽,2017-08-23
980,10000981,认购,2017-09-27
981,10000982,认沽,2017-09-27
982,10000983,认购,2017-12-27
983,10000984,认沽,2017-12-27
984,10000985,认购,2018-03-28
985,10000986,认沽,2018-03-28
986,10000987,认购,2018-03-28
987,10000988,认沽,2018-03-28
988,10000989,认购,2018-03-28
989,10000990,认沽,2018-03-28
990,10000991,认购,2017-10-25
991,10000992,认购,2017-10-25
992,10000993,认购,2017-10-25
993,10000994,认购,2017-10-25
994,10000995,认购,2017-10-25
995,10000996,认沽,2017-10-25
996,10000997,认沽,2017-10-25
997,10000998,认沽,2017-10-25
998,10000999,认沽,2017-10-25
999,10001000,认沽,2017-10-25
1000,10001001,认购,2017-10-25
1001,10001002,认沽,2017-10-25
1002,10001003,认购,2017-09-27
1003,10001004,认沽,2017-09-27
1004,10001005,认购,2017-10-25
1005,10001006,认沽,2017-10-25
1006,10001007,认购,2017-12-27
1007,10001008,认沽,2017-12-27
1008,10001009,认购,2018-03-28
1009,10001010,认沽,2018-03-28
1010,10001011,认购,2017-11-22
1011,10001012,认购,2017-11-22
1012,10001013,认购,2017-11-22
1013,10001014,认购,2017-11-22
1014,10001015,认购,2017-11-22
1015,10001016,认沽,2017-11-22
1016,10001017,认沽,2017-11-22
1017,10001018,认沽,2017-11-22
1018,10001019,认沽,2017-11-22
1019,10001020,认沽,2017-11-22
1020,10001021,认购,2017-11-22
1021,10001022,认沽,2017-11-22
1022,10001023,认购,2017-11-22
1023,10001024,认沽,2017-11-22
1024,10001025,认购,2018-06-27
1025,10001026,认购,2018-06-27
1026,10001027,认购,2018-06-27
1027,10001028,认购,2018-06-27
1028,10001029,认购,2018-06-27
1029,10001030,认沽,2018-06-27
1030,10001031,认沽,2018-06-27
1031,10001032,认沽,2018-06-27
1032,10001033,认沽,2018-06-27
1033,10001034,认沽,2018-06-27
1034,10001035,认购,2017-11-22
1035,10001036,认沽,2017-11-22
1036,10001037,认购,2017-12-27
1037,10001038,认沽,2017-12-27
1038,10001039,认购,2018-03-28
1039,10001040,认沽,2018-03-28
1040,10001041,认购,2018-06-27
1041,10001042,认沽,2018-06-27
1042,10001043,认购,2017-11-22
1043,10001044,认沽,2017-11-22
1044,10001045,认购,2017-12-27
1045,10001046,认沽,2017-12-27
1046,10001047,认购,2018-03-28
1047,10001048,认沽,2018-03-28
1048,10001049,认购,2018-06-27
1049,10001050,认沽,2018-06-27
1050,10001051,认购,2017-11-22
1051,10001052,认沽,2017-11-22
1052,10001053,认购,2017-12-27
1053,10001054,认沽,2017-12-27
1054,10001055,认购,2018-03-28
1055,10001056,认沽,2018-03-28
1056,10001057,认购,2018-06-27
1057,10001058,认沽,2018-06-27
1058,10001059,认购,2017-11-22
1059,10001060,认沽,2017-11-22
1060,10001061,认购,2017-12-27
1061,10001062,认沽,2017-12-27
1062,10001063,认购,2018-03-28
1063,10001064,认沽,2018-03-28
1064,10001065,认购,2018-06-27
1065,10001066,认沽,2018-06-27
1066,10001067,认购,2017-12-27
1067,10001068,认沽,2017-12-27
1068,10001069,认购,2018-03-28
1069,10001070,认沽,2018-03-28
1070,10001071,认购,2018-06-27
1071,10001072,认沽,2018-06-27
1072,10001073,认购,2018-01-24
1073,10001074,认购,2018-01-24
1074,10001075,认购,2018-01-24
1075,10001076,认购,2018-01-24
1076,10001077,认购,2018-01-24
1077,10001078,认沽,2018-01-24
1078,10001079,认沽,2018-01-24
1079,10001080,认沽,2018-01-24
1080,10001081,认沽,2018-01-24
1081,10001082,认沽,2018-01-24
1082,10001083,认购,2018-01-24
1083,10001084,认沽,2018-01-24
1084,10001085,认购,2017-12-27
1085,10001086,认购,2017-12-27
1086,10001087,认购,2017-12-27
1087,10001088,认购,2017-12-27
1088,10001089,认购,2017-12-27
1089,10001090,认沽,2017-12-27
1090,10001091,认沽,2017-12-27
1091,10001092,认沽,2017-12-27
1092,10001093,认沽,2017-12-27
1093,10001094,认沽,2017-12-27
1094,10001095,认购,2018-01-24
1095,10001096,认购,2018-01-24
1096,10001097,认购,2018-01-24
1097,10001098,认购,2018-01-24
1098,10001099,认购,2018-01-24
1099,10001100,认沽,2018-01-24
1100,10001101,认沽,2018-01-24
1101,10001102,认沽,2018-01-24
1102,10001103,认沽,2018-01-24
1103,10001104,认沽,2018-01-24
1104,10001105,认购,2018-03-28
1105,10001106,认购,2018-03-28
1106,10001107,认购,2018-03-28
1107,10001108,认购,2018-03-28
1108,10001109,认购,2018-03-28
1109,10001110,认沽,2018-03-28
1110,10001111,认沽,2018-03-28
1111,10001112,认沽,2018-03-28
1112,10001113,认沽,2018-03-28
1113,10001114,认沽,2018-03-28
1114,10001115,认购,2018-06-27
1115,10001116,认购,2018-06-27
1116,10001117,认购,2018-06-27
1117,10001118,认购,2018-06-27
1118,10001119,认购,2018-06-27
1119,10001120,认沽,2018-06-27
1120,10001121,认沽,2018-06-27
1121,10001122,认沽,2018-06-27
1122,10001123,认沽,2018-06-27
1123,10001124,认沽,2018-06-27
1124,10001125,认购,2017-12-27
1125,10001126,认沽,2017-12-27
1126,10001127,认购,2018-01-24
1127,10001128,认沽,2018-01-24
1128,10001129,认购,2018-03-28
1129,10001130,认沽,2018-03-28
1130,10001131,认购,2018-06-27
1131,10001132,认沽,2018-06-27
1132,10001133,认购,2017-12-27
1133,10001134,认沽,2017-12-27
1134,10001135,认购,2018-01-24
1135,10001136,认沽,2018-01-24
1136,10001137,认购,2018-03-28
1137,10001138,认沽,2018-03-28
1138,10001139,认购,2018-06-27
1139,10001140,认沽,2018-06-27
1140,10001141,认购,2018-02-28
1141,10001142,认购,2018-02-28
1142,10001143,认购,2018-02-28
1143,10001144,认购,2018-02-28
1144,10001145,认购,2018-02-28
1145,10001146,认沽,2018-02-28
1146,10001147,认沽,2018-02-28
1147,10001148,认沽,2018-02-28
1148,10001149,认沽,2018-02-28
1149,10001150,认沽,2018-02-28
1150,10001151,认购,2018-01-24
1151,10001152,认购,2018-01-24
1152,10001153,认沽,2018-01-24
1153,10001154,认沽,2018-01-24
1154,10001155,认购,2018-02-28
1155,10001156,认购,2018-02-28
1156,10001157,认购,2018-02-28
1157,10001158,认购,2018-02-28
1158,10001159,认沽,2018-02-28
1159,10001160,认沽,2018-02-28
1160,10001161,认沽,2018-02-28
1161,10001162,认沽,2018-02-28
1162,10001163,认购,2018-03-28
1163,10001164,认购,2018-03-28
1164,10001165,认沽,2018-03-28
1165,10001166,认沽,2018-03-28
1166,10001167,认购,2018-06-27
1167,10001168,认购,2018-06-27
1168,10001169,认沽,2018-06-27
1169,10001170,认沽,2018-06-27
1170,10001171,认购,2018-01-24
1171,10001172,认沽,2018-01-24
1172,10001173,认购,2018-02-28
1173,10001174,认沽,2018-02-28
1174,10001175,认购,2018-03-28
1175,10001176,认沽,2018-03-28
1176,10001177,认购,2018-06-27
1177,10001178,认沽,2018-06-27
1178,10001179,认购,2018-01-24
1179,10001180,认沽,2018-01-24
1180,10001181,认购,2018-02-28
1181,10001182,认沽,2018-02-28
1182,10001183,认购,2018-03-28
1183,10001184,认沽,2018-03-28
1184,10001185,认购,2018-06-27
1185,10001186,认沽,2018-06-27
1186,10001187,认购,2018-01-24
1187,10001188,认沽,2018-01-24
1188,10001189,认购,2018-02-28
1189,10001190,认沽,2018-02-28
1190,10001191,认购,2018-03-28
1191,10001192,认沽,2018-03-28
1192,10001193,认购,2018-06-27
1193,10001194,认沽,2018-06-27
1194,10001195,认购,2018-01-24
1195,10001196,认沽,2018-01-24
1196,10001197,认购,2018-02-28
1197,10001198,认沽,2018-02-28
1198,10001199,认购,2018-03-28
1199,10001200,认沽,2018-03-28
1200,10001201,认购,2018-06-27
1201,10001202,认沽,2018-06-27
1202,10001203,认购,2018-01-24
1203,10001204,认沽,2018-01-24
1204,10001205,认购,2018-02-28
1205,10001206,认沽,2018-02-28
1206,10001207,认购,2018-03-28
1207,10001208,认沽,2018-03-28
1208,10001209,认购,2018-06-27
1209,10001210,认沽,2018-06-27
1210,10001211,认购,2018-09-26
1211,10001212,认购,2018-09-26
1212,10001213,认购,2018-09-26
1213,10001214,认购,2018-09-26
1214,10001215,认购,2018-09-26
1215,10001216,认购,2018-09-26
1216,10001217,认购,2018-09-26
1217,10001218,认购,2018-09-26
1218,10001219,认购,2018-09-26
1219,10001220,认沽,2018-09-26
1220,10001221,认沽,2018-09-26
1221,10001222,认沽,2018-09-26
1222,10001223,认沽,2018-09-26
1223,10001224,认沽,2018-09-26
1224,10001225,认沽,2018-09-26
1225,10001226,认沽,2018-09-26
1226,10001227,认沽,2018-09-26
1227,10001228,认沽,2018-09-26
1228,10001229,认购,2018-09-26
1229,10001230,认沽,2018-09-26
1230,10001231,认购,2018-09-26
1231,10001232,认沽,2018-09-26
1232,10001233,认购,2018-09-26
1233,10001234,认沽,2018-09-26
1234,10001235,认购,2018-02-28
1235,10001236,认沽,2018-02-28
1236,10001237,认购,2018-03-28
1237,10001238,认沽,2018-03-28
1238,10001239,认购,2018-06-27
1239,10001240,认沽,2018-06-27
1240,10001241,认购,2018-09-26
1241,10001242,认购,2018-09-26
1242,10001243,认购,2018-09-26
1243,10001244,认沽,2018-09-26
1244,10001245,认沽,2018-09-26
1245,10001246,认沽,2018-09-26
1246,10001247,认购,2018-04-25
1247,10001248,认购,2018-04-25
1248,10001249,认购,2018-04-25
1249,10001250,认购,2018-04-25
1250,10001251,认购,2018-04-25
1251,10001252,认购,2018-04-25
1252,10001253,认购,2018-04-25
1253,10001254,认购,2018-04-25
1254,10001255,认购,2018-04-25
1255,10001256,认沽,2018-04-25
1256,10001257,认沽,2018-04-25
1257,10001258,认沽,2018-04-25
1258,10001259,认沽,2018-04-25
1259,10001260,认沽,2018-04-25
1260,10001261,认沽,2018-04-25
1261,10001262,认沽,2018-04-25
1262,10001263,认沽,2018-04-25
1263,10001264,认沽,2018-04-25
1264,10001265,认购,2018-04-25
1265,10001266,认沽,2018-04-25
1266,10001267,认购,2018-04-25
1267,10001268,认沽,2018-04-25
1268,10001269,认购,2018-03-28
1269,10001270,认沽,2018-03-28
1270,10001271,认购,2018-04-25
1271,10001272,认沽,2018-04-25
1272,10001273,认购,2018-06-27
1273,10001274,认沽,2018-06-27
1274,10001275,认购,2018-09-26
1275,10001276,认沽,2018-09-26
1276,10001277,认购,2018-04-25
1277,10001278,认沽,2018-04-25
1278,10001279,认购,2018-06-27
1279,10001280,认沽,2018-06-27
1280,10001281,认购,2018-09-26
1281,10001282,认沽,2018-09-26
1282,10001283,认购,2018-05-23
1283,10001284,认购,2018-05-23
1284,10001285,认购,2018-05-23
1285,10001286,认购,2018-05-23
1286,10001287,认购,2018-05-23
1287,10001288,认购,2018-05-23
1288,10001289,认购,2018-05-23
1289,10001290,认购,2018-05-23
1290,10001291,认购,2018-05-23
1291,10001292,认沽,2018-05-23
1292,10001293,认沽,2018-05-23
1293,10001294,认沽,2018-05-23
1294,10001295,认沽,2018-05-23
1295,10001296,认沽,2018-05-23
1296,10001297,认沽,2018-05-23
1297,10001298,认沽,2018-05-23
1298,10001299,认沽,2018-05-23
1299,10001300,认沽,2018-05-23
1300,10001301,认购,2018-05-23
1301,10001302,认沽,2018-05-23
1302,10001303,认购,2018-05-23
1303,10001304,认沽,2018-05-23
1304,10001305,认购,2018-04-25
1305,10001306,认沽,2018-04-25
1306,10001307,认购,2018-05-23
1307,10001308,认沽,2018-05-23
1308,10001309,认购,2018-06-27
1309,10001310,认沽,2018-06-27
1310,10001311,认购,2018-09-26
1311,10001312,认沽,2018-09-26
1312,10001313,认购,2018-12-26
1313,10001314,认购,2018-12-26
1314,10001315,认购,2018-12-26
1315,10001316,认购,2018-12-26
1316,10001317,认购,2018-12-26
1317,10001318,认购,2018-12-26
1318,10001319,认购,2018-12-26
1319,10001320,认购,2018-12-26
1320,10001321,认购,2018-12-26
1321,10001322,认沽,2018-12-26
1322,10001323,认沽,2018-12-26
1323,10001324,认沽,2018-12-26
1324,10001325,认沽,2018-12-26
1325,10001326,认沽,2018-12-26
1326,10001327,认沽,2018-12-26
1327,10001328,认沽,2018-12-26
1328,10001329,认沽,2018-12-26
1329,10001330,认沽,2018-12-26
1330,10001331,认购,2018-12-26
1331,10001332,认沽,2018-12-26
1332,10001333,认购,2018-12-26
1333,10001334,认沽,2018-12-26
1334,10001335,认购,2018-07-25
1335,10001336,认购,2018-07-25
1336,10001337,认购,2018-07-25
1337,10001338,认购,2018-07-25
1338,10001339,认购,2018-07-25
1339,10001340,认购,2018-07-25
1340,10001341,认购,2018-07-25
1341,10001342,认购,2018-07-25
1342,10001343,认购,2018-07-25
1343,10001344,认沽,2018-07-25
1344,10001345,认沽,2018-07-25
1345,10001346,认沽,2018-07-25
1346,10001347,认沽,2018-07-25
1347,10001348,认沽,2018-07-25
1348,10001349,认沽,2018-07-25
1349,10001350,认沽,2018-07-25
1350,10001351,认沽,2018-07-25
1351,10001352,认沽,2018-07-25
1352,10001353,认购,2018-06-27
1353,10001354,认沽,2018-06-27
1354,10001355,认购,2018-07-25
1355,10001356,认沽,2018-07-25
1356,10001357,认购,2018-09-26
1357,10001358,认沽,2018-09-26
1358,10001359,认购,2018-12-26
1359,10001360,认沽,2018-12-26
1360,10001361,认购,2018-07-25
1361,10001362,认沽,2018-07-25
1362,10001363,认购,2018-06-27
1363,10001364,认沽,2018-06-27
1364,10001365,认购,2018-07-25
1365,10001366,认沽,2018-07-25
1366,10001367,认购,2018-09-26
1367,10001368,认沽,2018-09-26
1368,10001369,认购,2018-12-26
1369,10001370,认沽,2018-12-26
1370,10001371,认购,2018-06-27
1371,10001372,认沽,2018-06-27
1372,10001373,认购,2018-07-25
1373,10001374,认沽,2018-07-25
1374,10001375,认购,2018-09-26
1375,10001376,认沽,2018-09-26
1376,10001377,认购,2018-12-26
1377,10001378,认沽,2018-12-26
1378,10001379,认购,2018-07-25
1379,10001380,认沽,2018-07-25
1380,10001381,认购,2018-09-26
1381,10001382,认沽,2018-09-26
1382,10001383,认购,2018-12-26
1383,10001384,认沽,2018-12-26
1384,10001385,认购,2018-08-22
1385,10001386,认购,2018-08-22
1386,10001387,认购,2018-08-22
1387,10001388,认购,2018-08-22
1388,10001389,认购,2018-08-22
1389,10001390,认购,2018-08-22
1390,10001391,认购,2018-08-22
1391,10001392,认购,2018-08-22
1392,10001393,认购,2018-08-22
1393,10001394,认沽,2018-08-22
1394,10001395,认沽,2018-08-22
1395,10001396,认沽,2018-08-22
1396,10001397,认沽,2018-08-22
1397,10001398,认沽,2018-08-22
1398,10001399,认沽,2018-08-22
1399,10001400,认沽,2018-08-22
1400,10001401,认沽,2018-08-22
1401,10001402,认沽,2018-08-22
1402,10001403,认购,2018-08-22
1403,10001404,认沽,2018-08-22
1404,10001405,认购,2018-07-25
1405,10001406,认沽,2018-07-25
1406,10001407,认购,2018-08-22
1407,10001408,认沽,2018-08-22
1408,10001409,认购,2018-09-26
1409,10001410,认沽,2018-09-26
1410,10001411,认购,2018-12-26
1411,10001412,认沽,2018-12-26
1412,10001413,认购,2018-08-22
1413,10001414,认沽,2018-08-22
1414,10001415,认购,2018-08-22
1415,10001416,认沽,2018-08-22
1416,10001417,认购,2019-03-27
1417,10001418,认购,2019-03-27
1418,10001419,认购,2019-03-27
1419,10001420,认购,2019-03-27
1420,10001421,认购,2019-03-27
1421,10001422,认购,2019-03-27
1422,10001423,认购,2019-03-27
1423,10001424,认购,2019-03-27
1424,10001425,认购,2019-03-27
1425,10001426,认沽,2019-03-27
1426,10001427,认沽,2019-03-27
1427,10001428,认沽,2019-03-27
1428,10001429,认沽,2019-03-27
1429,10001430,认沽,2019-03-27
1430,10001431,认沽,2019-03-27
1431,10001432,认沽,2019-03-27
1432,10001433,认沽,2019-03-27
1433,10001434,认沽,2019-03-27
1434,10001435,认购,2019-03-27
1435,10001436,认沽,2019-03-27
1436,10001437,认购,2019-03-27
1437,10001438,认沽,2019-03-27
1438,10001439,认购,2019-03-27
1439,10001440,认沽,2019-03-27
1440,10001441,认购,2019-03-27
1441,10001442,认沽,2019-03-27
1442,10001443,认购,2018-10-24
1443,10001444,认购,2018-10-24
1444,10001445,认购,2018-10-24
1445,10001446,认购,2018-10-24
1446,10001447,认购,2018-10-24
1447,10001448,认购,2018-10-24
1448,10001449,认购,2018-10-24
1449,10001450,认购,2018-10-24
1450,10001451,认购,2018-10-24
1451,10001452,认沽,2018-10-24
1452,10001453,认沽,2018-10-24
1453,10001454,认沽,2018-10-24
1454,10001455,认沽,2018-10-24
1455,10001456,认沽,2018-10-24
1456,10001457,认沽,2018-10-24
1457,10001458,认沽,2018-10-24
1458,10001459,认沽,2018-10-24
1459,10001460,认沽,2018-10-24
1460,10001461,认购,2018-10-24
1461,10001462,认沽,2018-10-24
1462,10001463,认购,2018-10-24
1463,10001464,认沽,2018-10-24
1464,10001465,认购,2018-10-24
1465,10001466,认购,2018-10-24
1466,10001467,认沽,2018-10-24
1467,10001468,认沽,2018-10-24
1468,10001469,认购,2019-03-27
1469,10001470,认沽,2019-03-27
1470,10001471,认购,2018-11-28
1471,10001472,认购,2018-11-28
1472,10001473,认购,2018-11-28
1473,10001474,认购,2018-11-28
1474,10001475,认购,2018-11-28
1475,10001476,认购,2018-11-28
1476,10001477,认购,2018-11-28
1477,10001478,认购,2018-11-28
1478,10001479,认购,2018-11-28
1479,10001480,认沽,2018-11-28
1480,10001481,认沽,2018-11-28
1481,10001482,认沽,2018-11-28
1482,10001483,认沽,2018-11-28
1483,10001484,认沽,2018-11-28
1484,10001485,认沽,2018-11-28
1485,10001486,认沽,2018-11-28
1486,10001487,认沽,2018-11-28
1487,10001488,认沽,2018-11-28
1488,10001489,认购,2018-11-28
1489,10001490,认购,2018-11-28
1490,10001491,认沽,2018-11-28
1491,10001492,认沽,2018-11-28
1492,10001493,认购,2018-11-28
1493,10001494,认购,2018-11-28
1494,10001495,认沽,2018-11-28
1495,10001496,认沽,2018-11-28
1496,10001497,认购,2018-10-24
1497,10001498,认沽,2018-10-24
1498,10001499,认购,2018-11-28
1499,10001500,认沽,2018-11-28
1500,10001501,认购,2019-06-26
1501,10001502,认购,2019-06-26
1502,10001503,认购,2019-06-26
1503,10001504,认购,2019-06-26
1504,10001505,认购,2019-06-26
1505,10001506,认购,2019-06-26
1506,10001507,认购,2019-06-26
1507,10001508,认购,2019-06-26
1508,10001509,认购,2019-06-26
1509,10001510,认沽,2019-06-26
1510,10001511,认沽,2019-06-26
1511,10001512,认沽,2019-06-26
1512,10001513,认沽,2019-06-26
1513,10001514,认沽,2019-06-26
1514,10001515,认沽,2019-06-26
1515,10001516,认沽,2019-06-26
1516,10001517,认沽,2019-06-26
1517,10001518,认沽,2019-06-26
1518,10001519,认购,2019-06-26
1519,10001520,认沽,2019-06-26
1520,10001521,认购,2019-06-26
1521,10001522,认沽,2019-06-26
1522,10001523,认购,2019-06-26
1523,10001524,认沽,2019-06-26
1524,10001525,认购,2019-01-23
1525,10001526,认购,2019-01-23
1526,10001527,认购,2019-01-23
1527,10001528,认购,2019-01-23
1528,10001529,认购,2019-01-23
1529,10001530,认购,2019-01-23
1530,10001531,认购,2019-01-23
1531,10001532,认购,2019-01-23
1532,10001533,认购,2019-01-23
1533,10001534,认沽,2019-01-23
1534,10001535,认沽,2019-01-23
1535,10001536,认沽,2019-01-23
1536,10001537,认沽,2019-01-23
1537,10001538,认沽,2019-01-23
1538,10001539,认沽,2019-01-23
1539,10001540,认沽,2019-01-23
1540,10001541,认沽,2019-01-23
1541,10001542,认沽,2019-01-23
1542,10001543,认购,2018-12-26
1543,10001544,认购,2018-12-26
1544,10001545,认购,2018-12-26
1545,10001546,认购,2018-12-26
1546,10001547,认购,2018-12-26
1547,10001548,认购,2018-12-26
1548,10001549,认购,2018-12-26
1549,10001550,认购,2018-12-26
1550,10001551,认购,2018-12-26
1551,10001552,认沽,2018-12-26
1552,10001553,认沽,2018-12-26
1553,10001554,认沽,2018-12-26
1554,10001555,认沽,2018-12-26
1555,10001556,认沽,2018-12-26
1556,10001557,认沽,2018-12-26
1557,10001558,认沽,2018-12-26
1558,10001559,认沽,2018-12-26
1559,10001560,认沽,2018-12-26
1560,10001561,认购,2019-01-23
1561,10001562,认购,2019-01-23
1562,10001563,认购,2019-01-23
1563,10001564,认购,2019-01-23
1564,10001565,认购,2019-01-23
1565,10001566,认购,2019-01-23
1566,10001567,认购,2019-01-23
1567,10001568,认购,2019-01-23
1568,10001569,认购,2019-01-23
1569,10001570,认沽,2019-01-23
1570,10001571,认沽,2019-01-23
1571,10001572,认沽,2019-01-23
1572,10001573,认沽,2019-01-23
1573,10001574,认沽,2019-01-23
1574,10001575,认沽,2019-01-23
1575,10001576,认沽,2019-01-23
1576,10001577,认沽,2019-01-23
1577,10001578,认沽,2019-01-23
1578,10001579,认购,2019-03-27
1579,10001580,认购,2019-03-27
1580,10001581,认购,2019-03-27
1581,10001582,认购,2019-03-27
1582,10001583,认购,2019-03-27
1583,10001584,认购,2019-03-27
1584,10001585,认购,2019-03-27
1585,10001586,认购,2019-03-27
1586,10001587,认购,2019-03-27
1587,10001588,认沽,2019-03-27
1588,10001589,认沽,2019-03-27
1589,10001590,认沽,2019-03-27
1590,10001591,认沽,2019-03-27
1591,10001592,认沽,2019-03-27
1592,10001593,认沽,2019-03-27
1593,10001594,认沽,2019-03-27
1594,10001595,认沽,2019-03-27
1595,10001596,认沽,2019-03-27
1596,10001597,认购,2019-06-26
1597,10001598,认购,2019-06-26
1598,10001599,认购,2019-06-26
1599,10001600,认购,2019-06-26
1600,10001601,认购,2019-06-26
1601,10001602,认购,2019-06-26
1602,10001603,认购,2019-06-26
1603,10001604,认购,2019-06-26
1604,10001605,认购,2019-06-26
1605,10001606,认沽,2019-06-26
1606,10001607,认沽,2019-06-26
1607,10001608,认沽,2019-06-26
1608,10001609,认沽,2019-06-26
1609,10001610,认沽,2019-06-26
1610,10001611,认沽,2019-06-26
1611,10001612,认沽,2019-06-26
1612,10001613,认沽,2019-06-26
1613,10001614,认沽,2019-06-26
1614,10001615,认购,2018-12-26
1615,10001616,认沽,2018-12-26
1616,10001617,认购,2019-01-23
1617,10001618,认沽,2019-01-23
1618,10001619,认购,2019-03-27
1619,10001620,认沽,2019-03-27
1620,10001621,认购,2019-06-26
1621,10001622,认沽,2019-06-26
1622,10001623,认购,2018-12-26
1623,10001624,认沽,2018-12-26
1624,10001625,认购,2019-01-23
1625,10001626,认沽,2019-01-23
1626,10001627,认购,2019-03-27
1627,10001628,认沽,2019-03-27
1628,10001629,认购,2019-06-26
1629,10001630,认沽,2019-06-26
1630,10001631,认购,2018-12-26
1631,10001632,认沽,2018-12-26
1632,10001633,认购,2019-01-23
1633,10001634,认沽,2019-01-23
1634,10001635,认购,2019-03-27
1635,10001636,认沽,2019-03-27
1636,10001637,认购,2019-06-26
1637,10001638,认沽,2019-06-26
1638,10001639,认购,2018-12-26
1639,10001640,认沽,2018-12-26
1640,10001641,认购,2019-01-23
1641,10001642,认沽,2019-01-23
1642,10001643,认购,2019-03-27
1643,10001644,认沽,2019-03-27
1644,10001645,认购,2019-06-26
1645,10001646,认沽,2019-06-26
1646,10001647,认购,2019-02-27
1647,10001648,认购,2019-02-27
1648,10001649,认购,2019-02-27
1649,10001650,认购,2019-02-27
1650,10001651,认购,2019-02-27
1651,10001652,认购,2019-02-27
1652,10001653,认购,2019-02-27
1653,10001654,认购,2019-02-27
1654,10001655,认购,2019-02-27
1655,10001656,认沽,2019-02-27
1656,10001657,认沽,2019-02-27
1657,10001658,认沽,2019-02-27
1658,10001659,认沽,2019-02-27
1659,10001660,认沽,2019-02-27
1660,10001661,认沽,2019-02-27
1661,10001662,认沽,2019-02-27
1662,10001663,认沽,2019-02-27
1663,10001664,认沽,2019-02-27
1664,10001665,认购,2019-01-23
1665,10001666,认沽,2019-01-23
1666,10001667,认购,2019-02-27
1667,10001668,认沽,2019-02-27
1668,10001669,认购,2019-03-27
1669,10001670,认沽,2019-03-27
1670,10001671,认购,2019-06-26
1671,10001672,认沽,2019-06-26
1672,10001673,认购,2019-02-27
1673,10001674,认沽,2019-02-27
1674,10001675,认购,2019-02-27
1675,10001676,认沽,2019-02-27
1676,10001677,认购,2019-09-25
1677,10001678,认购,2019-09-25
1678,10001679,认购,2019-09-25
1679,10001680,认购,2019-09-25
1680,10001681,认购,2019-09-25
1681,10001682,认购,2019-09-25
1682,10001683,认购,2019-09-25
1683,10001684,认购,2019-09-25
1684,10001685,认购,2019-09-25
1685,10001686,认沽,2019-09-25
1686,10001687,认沽,2019-09-25
1687,10001688,认沽,2019-09-25
1688,10001689,认沽,2019-09-25
1689,10001690,认沽,2019-09-25
1690,10001691,认沽,2019-09-25
1691,10001692,认沽,2019-09-25
1692,10001693,认沽,2019-09-25
1693,10001694,认沽,2019-09-25
1694,10001695,认购,2019-02-27
1695,10001696,认沽,2019-02-27
1696,10001697,认购,2019-09-25
1697,10001698,认沽,2019-09-25
1698,10001699,认购,2019-02-27
1699,10001700,认沽,2019-02-27
1700,10001701,认购,2019-09-25
1701,10001702,认沽,2019-09-25
1702,10001703,认购,2019-02-27
1703,10001704,认沽,2019-02-27
1704,10001705,认购,2019-03-27
1705,10001706,认沽,2019-03-27
1706,10001707,认购,2019-06-26
1707,10001708,认沽,2019-06-26
1708,10001709,认购,2019-09-25
1709,10001710,认沽,2019-09-25
1710,10001711,认购,2019-02-27
1711,10001712,认沽,2019-02-27
1712,10001713,认购,2019-03-27
1713,10001714,认沽,2019-03-27
1714,10001715,认购,2019-06-26
1715,10001716,认沽,2019-06-26
1716,10001717,认购,2019-09-25
1717,10001718,认沽,2019-09-25
1718,10001719,认购,2019-02-27
1719,10001720,认购,2019-02-27
1720,10001721,认购,2019-02-27
1721,10001722,认购,2019-02-27
1722,10001723,认沽,2019-02-27
1723,10001724,认沽,2019-02-27
1724,10001725,认沽,2019-02-27
1725,10001726,认沽,2019-02-27
1726,10001727,认购,2019-03-27
1727,10001728,认购,2019-03-27
1728,10001729,认购,2019-03-27
1729,10001730,认购,2019-03-27
1730,10001731,认沽,2019-03-27
1731,10001732,认沽,2019-03-27
1732,10001733,认沽,2019-03-27
1733,10001734,认沽,2019-03-27
1734,10001735,认购,2019-06-26
1735,10001736,认购,2019-06-26
1736,10001737,认购,2019-06-26
1737,10001738,认购,2019-06-26
1738,10001739,认沽,2019-06-26
1739,10001740,认沽,2019-06-26
1740,10001741,认沽,2019-06-26
1741,10001742,认沽,2019-06-26
1742,10001743,认购,2019-09-25
1743,10001744,认购,2019-09-25
1744,10001745,认购,2019-09-25
1745,10001746,认购,2019-09-25
1746,10001747,认沽,2019-09-25
1747,10001748,认沽,2019-09-25
1748,10001749,认沽,2019-09-25
1749,10001750,认沽,2019-09-25
1750,10001751,认购,2019-04-24
1751,10001752,认购,2019-04-24
1752,10001753,认购,2019-04-24
1753,10001754,认购,2019-04-24
1754,10001755,认购,2019-04-24
1755,10001756,认购,2019-04-24
1756,10001757,认购,2019-04-24
1757,10001758,认购,2019-04-24
1758,10001759,认购,2019-04-24
1759,10001760,认沽,2019-04-24
1760,10001761,认沽,2019-04-24
1761,10001762,认沽,2019-04-24
1762,10001763,认沽,2019-04-24
1763,10001764,认沽,2019-04-24
1764,10001765,认沽,2019-04-24
1765,10001766,认沽,2019-04-24
1766,10001767,认沽,2019-04-24
1767,10001768,认沽,2019-04-24
1768,10001769,认购,2019-04-24
1769,10001770,认沽,2019-04-24
1770,10001771,认购,2019-04-24
1771,10001772,认沽,2019-04-24
1772,10001773,认购,2019-05-22
1773,10001774,认购,2019-05-22
1774,10001775,认购,2019-05-22
1775,10001776,认购,2019-05-22
1776,10001777,认购,2019-05-22
1777,10001778,认购,2019-05-22
1778,10001779,认购,2019-05-22
1779,10001780,认购,2019-05-22
1780,10001781,认购,2019-05-22
1781,10001782,认沽,2019-05-22
1782,10001783,认沽,2019-05-22
1783,10001784,认沽,2019-05-22
1784,10001785,认沽,2019-05-22
1785,10001786,认沽,2019-05-22
1786,10001787,认沽,2019-05-22
1787,10001788,认沽,2019-05-22
1788,10001789,认沽,2019-05-22
1789,10001790,认沽,2019-05-22
1790,10001791,认购,2019-05-22
1791,10001792,认购,2019-05-22
1792,10001793,认沽,2019-05-22
1793,10001794,认沽,2019-05-22
1794,10001795,认购,2019-04-24
1795,10001796,认沽,2019-04-24
1796,10001797,认购,2019-05-22
1797,10001798,认沽,2019-05-22
1798,10001799,认购,2019-06-26
1799,10001800,认沽,2019-06-26
1800,10001801,认购,2019-09-25
1801,10001802,认沽,2019-09-25
1802,10001803,认购,2019-04-24
1803,10001804,认沽,2019-04-24
1804,10001805,认购,2019-05-22
1805,10001806,认沽,2019-05-22
1806,10001807,认购,2019-06-26
1807,10001808,认沽,2019-06-26
1808,10001809,认购,2019-09-25
1809,10001810,认沽,2019-09-25
1810,10001811,认购,2019-04-24
1811,10001812,认沽,2019-04-24
1812,10001813,认购,2019-05-22
1813,10001814,认沽,2019-05-22
1814,10001815,认购,2019-06-26
1815,10001816,认沽,2019-06-26
1816,10001817,认购,2019-09-25
1817,10001818,认沽,2019-09-25
1818,10001819,认购,2019-04-24
1819,10001820,认沽,2019-04-24
1820,10001821,认购,2019-05-22
1821,10001822,认沽,2019-05-22
1822,10001823,认购,2019-06-26
1823,10001824,认沽,2019-06-26
1824,10001825,认购,2019-09-25
1825,10001826,认沽,2019-09-25
1826,10001827,认购,2019-12-25
1827,10001828,认购,2019-12-25
1828,10001829,认购,2019-12-25
1829,10001830,认购,2019-12-25
1830,10001831,认购,2019-12-25
1831,10001832,认购,2019-12-25
1832,10001833,认购,2019-12-25
1833,10001834,认购,2019-12-25
1834,10001835,认购,2019-12-25
1835,10001836,认沽,2019-12-25
1836,10001837,认沽,2019-12-25
1837,10001838,认沽,2019-12-25
1838,10001839,认沽,2019-12-25
1839,10001840,认沽,2019-12-25
1840,10001841,认沽,2019-12-25
1841,10001842,认沽,2019-12-25
1842,10001843,认沽,2019-12-25
1843,10001844,认沽,2019-12-25
1844,10001845,认购,2019-12-25
1845,10001846,认沽,2019-12-25
1846,10001847,认购,2019-12-25
1847,10001848,认购,2019-12-25
1848,10001849,认沽,2019-12-25
1849,10001850,认沽,2019-12-25
1850,10001851,认购,2019-12-25
1851,10001852,认沽,2019-12-25
1852,10001853,认购,2019-12-25
1853,10001854,认沽,2019-12-25
1854,10001855,认购,2019-07-24
1855,10001856,认购,2019-07-24
1856,10001857,认购,2019-07-24
1857,10001858,认购,2019-07-24
1858,10001859,认购,2019-07-24
1859,10001860,认购,2019-07-24
1860,10001861,认购,2019-07-24
1861,10001862,认购,2019-07-24
1862,10001863,认购,2019-07-24
1863,10001864,认沽,2019-07-24
1864,10001865,认沽,2019-07-24
1865,10001866,认沽,2019-07-24
1866,10001867,认沽,2019-07-24
1867,10001868,认沽,2019-07-24
1868,10001869,认沽,2019-07-24
1869,10001870,认沽,2019-07-24
1870,10001871,认沽,2019-07-24
1871,10001872,认沽,2019-07-24
1872,10001873,认购,2019-07-24
1873,10001874,认沽,2019-07-24
1874,10001875,认购,2019-07-24
1875,10001876,认沽,2019-07-24
1876,10001877,认购,2019-07-24
1877,10001878,认沽,2019-07-24
1878,10001879,认购,2019-07-24
1879,10001880,认购,2019-07-24
1880,10001881,认沽,2019-07-24
1881,10001882,认沽,2019-07-24
1882,10001883,认购,2019-08-28
1883,10001884,认购,2019-08-28
1884,10001885,认购,2019-08-28
1885,10001886,认购,2019-08-28
1886,10001887,认购,2019-08-28
1887,10001888,认购,2019-08-28
1888,10001889,认购,2019-08-28
1889,10001890,认购,2019-08-28
1890,10001891,认购,2019-08-28
1891,10001892,认沽,2019-08-28
1892,10001893,认沽,2019-08-28
1893,10001894,认沽,2019-08-28
1894,10001895,认沽,2019-08-28
1895,10001896,认沽,2019-08-28
1896,10001897,认沽,2019-08-28
1897,10001898,认沽,2019-08-28
1898,10001899,认沽,2019-08-28
1899,10001900,认沽,2019-08-28
1900,10001901,认购,2019-08-28
1901,10001902,认沽,2019-08-28
1902,10001903,认购,2019-07-24
1903,10001904,认沽,2019-07-24
1904,10001905,认购,2019-08-28
1905,10001906,认沽,2019-08-28
1906,10001907,认购,2019-12-25
1907,10001908,认沽,2019-12-25
1908,10001909,认购,2020-03-25
1909,10001910,认购,2020-03-25
1910,10001911,认购,2020-03-25
1911,10001912,认购,2020-03-25
1912,10001913,认购,2020-03-25
1913,10001914,认购,2020-03-25
1914,10001915,认购,2020-03-25
1915,10001916,认购,2020-03-25
1916,10001917,认购,2020-03-25
1917,10001918,认沽,2020-03-25
1918,10001919,认沽,2020-03-25
1919,10001920,认沽,2020-03-25
1920,10001921,认沽,2020-03-25
1921,10001922,认沽,2020-03-25
1922,10001923,认沽,2020-03-25
1923,10001924,认沽,2020-03-25
1924,10001925,认沽,2020-03-25
1925,10001926,认沽,2020-03-25
1926,10001927,认购,2020-03-25
1927,10001928,认沽,2020-03-25
1928,10001929,认购,2020-03-25
1929,10001930,认沽,2020-03-25
1930,10001931,认购,2019-08-28
1931,10001932,认沽,2019-08-28
1932,10001933,认购,2020-03-25
1933,10001934,认沽,2020-03-25
1934,10001935,认购,2019-08-28
1935,10001936,认沽,2019-08-28
1936,10001937,认购,2020-03-25
1937,10001938,认沽,2020-03-25
1938,10001939,认购,2019-10-23
1939,10001940,认购,2019-10-23
1940,10001941,认购,2019-10-23
1941,10001942,认购,2019-10-23
1942,10001943,认购,2019-10-23
1943,10001944,认购,2019-10-23
1944,10001945,认购,2019-10-23
1945,10001946,认购,2019-10-23
1946,10001947,认购,2019-10-23
1947,10001948,认沽,2019-10-23
1948,10001949,认沽,2019-10-23
1949,10001950,认沽,2019-10-23
1950,10001951,认沽,2019-10-23
1951,10001952,认沽,2019-10-23
1952,10001953,认沽,2019-10-23
1953,10001954,认沽,2019-10-23
1954,10001955,认沽,2019-10-23
1955,10001956,认沽,2019-10-23
1956,10001957,认购,2019-10-23
1957,10001958,认沽,2019-10-23
1958,10001959,认购,2019-10-23
1959,10001960,认沽,2019-10-23
1960,10001961,认购,2019-11-27
1961,10001962,认购,2019-11-27
1962,10001963,认购,2019-11-27
1963,10001964,认购,2019-11-27
1964,10001965,认购,2019-11-27
1965,10001966,认购,2019-11-27
1966,10001967,认购,2019-11-27
1967,10001968,认购,2019-11-27
1968,10001969,认购,2019-11-27
1969,10001970,认沽,2019-11-27
1970,10001971,认沽,2019-11-27
1971,10001972,认沽,2019-11-27
1972,10001973,认沽,2019-11-27
1973,10001974,认沽,2019-11-27
1974,10001975,认沽,2019-11-27
1975,10001976,认沽,2019-11-27
1976,10001977,认沽,2019-11-27
1977,10001978,认沽,2019-11-27
1978,10001979,认购,2019-11-27
1979,10001980,认沽,2019-11-27
1980,10001981,认购,2019-10-23
1981,10001982,认沽,2019-10-23
1982,10001983,认购,2019-11-27
1983,10001984,认沽,2019-11-27
1984,10001985,认购,2019-12-25
1985,10001986,认沽,2019-12-25
1986,10001987,认购,2020-03-25
1987,10001988,认沽,2020-03-25
1988,10001989,认购,2020-06-24
1989,10001990,认购,2020-06-24
1990,10001991,认购,2020-06-24
1991,10001992,认购,2020-06-24
1992,10001993,认购,2020-06-24
1993,10001994,认购,2020-06-24
1994,10001995,认购,2020-06-24
1995,10001996,认购,2020-06-24
1996,10001997,认购,2020-06-24
1997,10001998,认沽,2020-06-24
1998,10001999,认沽,2020-06-24
1999,10002000,认沽,2020-06-24
2000,10002001,认沽,2020-06-24
2001,10002002,认沽,2020-06-24
2002,10002003,认沽,2020-06-24
2003,10002004,认沽,2020-06-24
2004,10002005,认沽,2020-06-24
2005,10002006,认沽,2020-06-24
2006,10002007,认购,2020-06-24
2007,10002008,认沽,2020-06-24
2008,10002009,认购,2020-06-24
2009,10002010,认沽,2020-06-24
2010,10002011,认购,2020-01-22
2011,10002012,认购,2020-01-22
2012,10002013,认购,2020-01-22
2013,10002014,认购,2020-01-22
2014,10002015,认购,2020-01-22
2015,10002016,认购,2020-01-22
2016,10002017,认购,2020-01-22
2017,10002018,认购,2020-01-22
2018,10002019,认购,2020-01-22
2019,10002020,认沽,2020-01-22
2020,10002021,认沽,2020-01-22
2021,10002022,认沽,2020-01-22
2022,10002023,认沽,2020-01-22
2023,10002024,认沽,2020-01-22
2024,10002025,认沽,2020-01-22
2025,10002026,认沽,2020-01-22
2026,10002027,认沽,2020-01-22
2027,10002028,认沽,2020-01-22
2028,10002029,认购,2019-12-25
2029,10002030,认购,2019-12-25
2030,10002031,认购,2019-12-25
2031,10002032,认购,2019-12-25
2032,10002033,认购,2019-12-25
2033,10002034,认购,2019-12-25
2034,10002035,认购,2019-12-25
2035,10002036,认购,2019-12-25
2036,10002037,认购,2019-12-25
2037,10002038,认沽,2019-12-25
2038,10002039,认沽,2019-12-25
2039,10002040,认沽,2019-12-25
2040,10002041,认沽,2019-12-25
2041,10002042,认沽,2019-12-25
2042,10002043,认沽,2019-12-25
2043,10002044,认沽,2019-12-25
2044,10002045,认沽,2019-12-25
2045,10002046,认沽,2019-12-25
2046,10002047,认购,2020-01-22
2047,10002048,认购,2020-01-22
2048,10002049,认购,2020-01-22
2049,10002050,认购,2020-01-22
2050,10002051,认购,2020-01-22
2051,10002052,认购,2020-01-22
2052,10002053,认购,2020-01-22
2053,10002054,认购,2020-01-22
2054,10002055,认购,2020-01-22
2055,10002056,认沽,2020-01-22
2056,10002057,认沽,2020-01-22
2057,10002058,认沽,2020-01-22
2058,10002059,认沽,2020-01-22
2059,10002060,认沽,2020-01-22
2060,10002061,认沽,2020-01-22
2061,10002062,认沽,2020-01-22
2062,10002063,认沽,2020-01-22
2063,10002064,认沽,2020-01-22
2064,10002065,认购,2020-03-25
2065,10002066,认购,2020-03-25
2066,10002067,认购,2020-03-25
2067,10002068,认购,2020-03-25
2068,10002069,认购,2020-03-25
2069,10002070,认购,2020-03-25
2070,10002071,认购,2020-03-25
2071,10002072,认购,2020-03-25
2072,10002073,认购,2020-03-25
2073,10002074,认沽,2020-03-25
2074,10002075,认沽,2020-03-25
2075,10002076,认沽,2020-03-25
2076,10002077,认沽,2020-03-25
2077,10002078,认沽,2020-03-25
2078,10002079,认沽,2020-03-25
2079,10002080,认沽,2020-03-25
2080,10002081,认沽,2020-03-25
2081,10002082,认沽,2020-03-25
2082,10002083,认购,2020-06-24
2083,10002084,认购,2020-06-24
2084,10002085,认购,2020-06-24
2085,10002086,认购,2020-06-24
2086,10002087,认购,2020-06-24
2087,10002088,认购,2020-06-24
2088,10002089,认购,2020-06-24
2089,10002090,认购,2020-06-24
2090,10002091,认购,2020-06-24
2091,10002092,认沽,2020-06-24
2092,10002093,认沽,2020-06-24
2093,10002094,认沽,2020-06-24
2094,10002095,认沽,2020-06-24
2095,10002096,认沽,2020-06-24
2096,10002097,认沽,2020-06-24
2097,10002098,认沽,2020-06-24
2098,10002099,认沽,2020-06-24
2099,10002100,认沽,2020-06-24
2100,10002101,认购,2019-12-25
2101,10002102,认沽,2019-12-25
2102,10002103,认购,2020-01-22
2103,10002104,认沽,2020-01-22
2104,10002105,认购,2020-03-25
2105,10002106,认沽,2020-03-25
2106,10002107,认购,2020-06-24
2107,10002108,认沽,2020-06-24
2108,10002109,认购,2019-12-25
2109,10002110,认沽,2019-12-25
2110,10002111,认购,2020-01-22
2111,10002112,认沽,2020-01-22
2112,10002113,认购,2020-03-25
2113,10002114,认沽,2020-03-25
2114,10002115,认购,2020-06-24
2115,10002116,认沽,2020-06-24
2116,10002189,认购,2020-02-26
2117,10002190,认购,2020-02-26
2118,10002191,认购,2020-02-26
2119,10002192,认购,2020-02-26
2120,10002193,认购,2020-02-26
2121,10002194,认购,2020-02-26
2122,10002195,认购,2020-02-26
2123,10002196,认购,2020-02-26
2124,10002197,认购,2020-02-26
2125,10002198,认沽,2020-02-26
2126,10002199,认沽,2020-02-26
2127,10002200,认沽,2020-02-26
2128,10002201,认沽,2020-02-26
2129,10002202,认沽,2020-02-26
2130,10002203,认沽,2020-02-26
2131,10002204,认沽,2020-02-26
2132,10002205,认沽,2020-02-26
2133,10002206,认沽,2020-02-26
2134,10002207,认购,2020-01-22
2135,10002208,认沽,2020-01-22
2136,10002209,认购,2020-02-26
2137,10002210,认沽,2020-02-26
2138,10002211,认购,2020-03-25
2139,10002212,认沽,2020-03-25
2140,10002213,认购,2020-06-24
2141,10002214,认沽,2020-06-24
2142,10002231,认购,2020-09-23
2143,10002232,认购,2020-09-23
2144,10002233,认购,2020-09-23
2145,10002234,认购,2020-09-23
2146,10002235,认购,2020-09-23
2147,10002236,认购,2020-09-23
2148,10002237,认购,2020-09-23
2149,10002238,认购,2020-09-23
2150,10002239,认购,2020-09-23
2151,10002240,认沽,2020-09-23
2152,10002241,认沽,2020-09-23
2153,10002242,认沽,2020-09-23
2154,10002243,认沽,2020-09-23
2155,10002244,认沽,2020-09-23
2156,10002245,认沽,2020-09-23
2157,10002246,认沽,2020-09-23
2158,10002247,认沽,2020-09-23
2159,10002248,认沽,2020-09-23
2160,10002267,认购,2020-02-26
2161,10002268,认沽,2020-02-26
2162,10002269,认购,2020-09-23
2163,10002270,认沽,2020-09-23
2164,10002273,认购,2020-02-26
2165,10002274,认购,2020-02-26
2166,10002275,认购,2020-02-26
2167,10002276,认购,2020-02-26
2168,10002277,认购,2020-02-26
2169,10002278,认沽,2020-02-26
2170,10002279,认沽,2020-02-26
2171,10002280,认沽,2020-02-26
2172,10002281,认沽,2020-02-26
2173,10002282,认沽,2020-02-26
2174,10002283,认购,2020-03-25
2175,10002284,认购,2020-03-25
2176,10002285,认购,2020-03-25
2177,10002286,认购,2020-03-25
2178,10002287,认沽,2020-03-25
2179,10002288,认沽,2020-03-25
2180,10002289,认沽,2020-03-25
2181,10002290,认沽,2020-03-25
2182,10002291,认购,2020-06-24
2183,10002292,认购,2020-06-24
2184,10002293,认购,2020-06-24
2185,10002294,认购,2020-06-24
2186,10002295,认沽,2020-06-24
2187,10002296,认沽,2020-06-24
2188,10002297,认沽,2020-06-24
2189,10002298,认沽,2020-06-24
2190,10002299,认购,2020-09-23
2191,10002300,认购,2020-09-23
2192,10002301,认购,2020-09-23
2193,10002302,认购,2020-09-23
2194,10002303,认购,2020-09-23
2195,10002304,认沽,2020-09-23
2196,10002305,认沽,2020-09-23
2197,10002306,认沽,2020-09-23
2198,10002307,认沽,2020-09-23
2199,10002308,认沽,2020-09-23
2200,10002333,认购,2020-04-22
2201,10002334,认购,2020-04-22
2202,10002335,认购,2020-04-22
2203,10002336,认购,2020-04-22
2204,10002337,认购,2020-04-22
2205,10002338,认购,2020-04-22
2206,10002339,认购,2020-04-22
2207,10002340,认购,2020-04-22
2208,10002341,认购,2020-04-22
2209,10002342,认沽,2020-04-22
2210,10002343,认沽,2020-04-22
2211,10002344,认沽,2020-04-22
2212,10002345,认沽,2020-04-22
2213,10002346,认沽,2020-04-22
2214,10002347,认沽,2020-04-22
2215,10002348,认沽,2020-04-22
2216,10002349,认沽,2020-04-22
2217,10002350,认沽,2020-04-22
2218,10002369,认购,2020-04-22
2219,10002370,认购,2020-04-22
2220,10002371,认沽,2020-04-22
2221,10002372,认沽,2020-04-22
2222,10002377,认购,2020-04-22
2223,10002378,认沽,2020-04-22
2224,10002379,认购,2020-04-22
2225,10002380,认沽,2020-04-22
2226,10002385,认购,2020-04-22
2227,10002386,认购,2020-04-22
2228,10002387,认沽,2020-04-22
2229,10002388,认沽,2020-04-22
2230,10002393,认购,2020-03-25
2231,10002394,认购,2020-03-25
2232,10002395,认沽,2020-03-25
2233,10002396,认沽,2020-03-25
2234,10002397,认购,2020-04-22
2235,10002398,认购,2020-04-22
2236,10002399,认沽,2020-04-22
2237,10002400,认沽,2020-04-22
2238,10002401,认购,2020-06-24
2239,10002402,认购,2020-06-24
2240,10002403,认沽,2020-06-24
2241,10002404,认沽,2020-06-24
2242,10002405,认购,2020-09-23
2243,10002406,认购,2020-09-23
2244,10002407,认沽,2020-09-23
2245,10002408,认沽,2020-09-23
2246,10002417,认购,2020-03-25
2247,10002418,认沽,2020-03-25
2248,10002419,认购,2020-04-22
2249,10002420,认沽,2020-04-22
2250,10002421,认购,2020-06-24
2251,10002422,认沽,2020-06-24
2252,10002423,认购,2020-09-23
2253,10002424,认沽,2020-09-23
2254,10002433,认购,2020-05-27
2255,10002434,认购,2020-05-27
2256,10002435,认购,2020-05-27
2257,10002436,认购,2020-05-27
2258,10002437,认购,2020-05-27
2259,10002438,认购,2020-05-27
2260,10002439,认购,2020-05-27
2261,10002440,认购,2020-05-27
2262,10002441,认购,2020-05-27
2263,10002442,认沽,2020-05-27
2264,10002443,认沽,2020-05-27
2265,10002444,认沽,2020-05-27
2266,10002445,认沽,2020-05-27
2267,10002446,认沽,2020-05-27
2268,10002447,认沽,2020-05-27
2269,10002448,认沽,2020-05-27
2270,10002449,认沽,2020-05-27
2271,10002450,认沽,2020-05-27
2272,10002469,认购,2020-05-27
2273,10002470,认沽,2020-05-27
2274,10002471,认购,2020-05-27
2275,10002472,认沽,2020-05-27
2276,10002475,认购,2020-05-27
2277,10002476,认沽,2020-05-27
2278,10002477,认购,2020-12-23
2279,10002478,认购,2020-12-23
2280,10002479,认购,2020-12-23
2281,10002480,认购,2020-12-23
2282,10002481,认购,2020-12-23
2283,10002482,认购,2020-12-23
2284,10002483,认购,2020-12-23
2285,10002484,认购,2020-12-23
2286,10002485,认购,2020-12-23
2287,10002486,认沽,2020-12-23
2288,10002487,认沽,2020-12-23
2289,10002488,认沽,2020-12-23
2290,10002489,认沽,2020-12-23
2291,10002490,认沽,2020-12-23
2292,10002491,认沽,2020-12-23
2293,10002492,认沽,2020-12-23
2294,10002493,认沽,2020-12-23
2295,10002494,认沽,2020-12-23
2296,10002513,认购,2020-12-23
2297,10002514,认沽,2020-12-23
2298,10002515,认购,2020-05-27
2299,10002516,认沽,2020-05-27
2300,10002517,认购,2020-12-23
2301,10002518,认沽,2020-12-23
2302,10002527,认购,2020-07-22
2303,10002528,认购,2020-07-22
2304,10002529,认购,2020-07-22
2305,10002530,认购,2020-07-22
2306,10002531,认购,2020-07-22
2307,10002532,认购,2020-07-22
2308,10002533,认购,2020-07-22
2309,10002534,认购,2020-07-22
2310,10002535,认购,2020-07-22
2311,10002536,认沽,2020-07-22
2312,10002537,认沽,2020-07-22
2313,10002538,认沽,2020-07-22
2314,10002539,认沽,2020-07-22
2315,10002540,认沽,2020-07-22
2316,10002541,认沽,2020-07-22
2317,10002542,认沽,2020-07-22
2318,10002543,认沽,2020-07-22
2319,10002544,认沽,2020-07-22
2320,10002565,认购,2020-07-22
2321,10002566,认沽,2020-07-22
2322,10002569,认购,2020-07-22
2323,10002570,认沽,2020-07-22
2324,10002571,认购,2020-12-23
2325,10002572,认沽,2020-12-23
2326,10002577,认购,2020-07-22
2327,10002578,认沽,2020-07-22
2328,10002579,认购,2020-12-23
2329,10002580,认沽,2020-12-23
2330,10002585,认购,2020-08-26
2331,10002586,认购,2020-08-26
2332,10002587,认购,2020-08-26
2333,10002588,认购,2020-08-26
2334,10002589,认购,2020-08-26
2335,10002590,认购,2020-08-26
2336,10002591,认购,2020-08-26
2337,10002592,认购,2020-08-26
2338,10002593,认购,2020-08-26
2339,10002594,认沽,2020-08-26
2340,10002595,认沽,2020-08-26
2341,10002596,认沽,2020-08-26
2342,10002597,认沽,2020-08-26
2343,10002598,认沽,2020-08-26
2344,10002599,认沽,2020-08-26
2345,10002600,认沽,2020-08-26
2346,10002601,认沽,2020-08-26
2347,10002602,认沽,2020-08-26
2348,10002623,认购,2020-07-22
2349,10002624,认沽,2020-07-22
2350,10002625,认购,2020-08-26
2351,10002626,认沽,2020-08-26
2352,10002627,认购,2020-12-23
2353,10002628,认沽,2020-12-23
2354,10002637,认购,2020-07-22
2355,10002638,认沽,2020-07-22
2356,10002639,认购,2020-08-26
2357,10002640,认沽,2020-08-26
2358,10002641,认购,2020-09-23
2359,10002642,认沽,2020-09-23
2360,10002643,认购,2020-12-23
2361,10002644,认沽,2020-12-23
2362,10002653,认购,2020-07-22
2363,10002654,认沽,2020-07-22
2364,10002655,认购,2020-08-26
2365,10002656,认沽,2020-08-26
2366,10002657,认购,2020-09-23
2367,10002658,认沽,2020-09-23
2368,10002659,认购,2020-12-23
2369,10002660,认沽,2020-12-23
2370,10002669,认购,2020-07-22
2371,10002670,认购,2020-07-22
2372,10002671,认购,2020-07-22
2373,10002672,认沽,2020-07-22
2374,10002673,认沽,2020-07-22
2375,10002674,认沽,2020-07-22
2376,10002675,认购,2020-08-26
2377,10002676,认购,2020-08-26
2378,10002677,认购,2020-08-26
2379,10002678,认沽,2020-08-26
2380,10002679,认沽,2020-08-26
2381,10002680,认沽,2020-08-26
2382,10002681,认购,2020-09-23
2383,10002682,认购,2020-09-23
2384,10002683,认购,2020-09-23
2385,10002684,认沽,2020-09-23
2386,10002685,认沽,2020-09-23
2387,10002686,认沽,2020-09-23
2388,10002687,认购,2020-12-23
2389,10002688,认购,2020-12-23
2390,10002689,认购,2020-12-23
2391,10002690,认沽,2020-12-23
2392,10002691,认沽,2020-12-23
2393,10002692,认沽,2020-12-23
2394,10002725,认购,2021-03-24
2395,10002726,认购,2021-03-24
2396,10002727,认购,2021-03-24
2397,10002728,认购,2021-03-24
2398,10002729,认购,2021-03-24
2399,10002730,认购,2021-03-24
2400,10002731,认购,2021-03-24
2401,10002732,认购,2021-03-24
2402,10002733,认购,2021-03-24
2403,10002734,认沽,2021-03-24
2404,10002735,认沽,2021-03-24
2405,10002736,认沽,2021-03-24
2406,10002737,认沽,2021-03-24
2407,10002738,认沽,2021-03-24
2408,10002739,认沽,2021-03-24
2409,10002740,认沽,2021-03-24
2410,10002741,认沽,2021-03-24
2411,10002742,认沽,2021-03-24
2412,10002761,认购,2021-03-24
2413,10002762,认沽,2021-03-24
2414,10002767,认购,2021-03-24
2415,10002768,认沽,2021-03-24
2416,10002771,认购,2020-10-28
2417,10002772,认购,2020-10-28
2418,10002773,认购,2020-10-28
2419,10002774,认购,2020-10-28
2420,10002775,认购,2020-10-28
2421,10002776,认购,2020-10-28
2422,10002777,认购,2020-10-28
2423,10002778,认购,2020-10-28
2424,10002779,认购,2020-10-28
2425,10002780,认沽,2020-10-28
2426,10002781,认沽,2020-10-28
2427,10002782,认沽,2020-10-28
2428,10002783,认沽,2020-10-28
2429,10002784,认沽,2020-10-28
2430,10002785,认沽,2020-10-28
2431,10002786,认沽,2020-10-28
2432,10002787,认沽,2020-10-28
2433,10002788,认沽,2020-10-28
2434,10002807,认购,2020-10-28
2435,10002808,认沽,2020-10-28
2436,10002815,认购,2020-11-25
2437,10002816,认购,2020-11-25
2438,10002817,认购,2020-11-25
2439,10002818,认购,2020-11-25
2440,10002819,认购,2020-11-25
2441,10002820,认购,2020-11-25
2442,10002821,认购,2020-11-25
2443,10002822,认购,2020-11-25
2444,10002823,认购,2020-11-25
2445,10002824,认沽,2020-11-25
2446,10002825,认沽,2020-11-25
2447,10002826,认沽,2020-11-25
2448,10002827,认沽,2020-11-25
2449,10002828,认沽,2020-11-25
2450,10002829,认沽,2020-11-25
2451,10002830,认沽,2020-11-25
2452,10002831,认沽,2020-11-25
2453,10002832,认沽,2020-11-25
2454,10002853,认购,2020-11-25
2455,10002854,认沽,2020-11-25
2456,10002859,认购,2021-06-23
2457,10002860,认购,2021-06-23
2458,10002861,认购,2021-06-23
2459,10002862,认购,2021-06-23
2460,10002863,认购,2021-06-23
2461,10002864,认购,2021-06-23
2462,10002865,认购,2021-06-23
2463,10002866,认购,2021-06-23
2464,10002867,认购,2021-06-23
2465,10002868,认沽,2021-06-23
2466,10002869,认沽,2021-06-23
2467,10002870,认沽,2021-06-23
2468,10002871,认沽,2021-06-23
2469,10002872,认沽,2021-06-23
2470,10002873,认沽,2021-06-23
2471,10002874,认沽,2021-06-23
2472,10002875,认沽,2021-06-23
2473,10002876,认沽,2021-06-23
2474,10002895,认购,2021-06-23
2475,10002896,认沽,2021-06-23
2476,10002907,认购,2020-11-25
2477,10002908,认沽,2020-11-25
2478,10002909,认购,2021-03-24
2479,10002910,认沽,2021-03-24
2480,10002911,认购,2021-06-23
2481,10002912,认沽,2021-06-23
2482,10002913,认购,2021-01-27
2483,10002914,认购,2021-01-27
2484,10002915,认购,2021-01-27
2485,10002916,认购,2021-01-27
2486,10002917,认购,2021-01-27
2487,10002918,认购,2021-01-27
2488,10002919,认购,2021-01-27
2489,10002920,认购,2021-01-27
2490,10002921,认购,2021-01-27
2491,10002922,认沽,2021-01-27
2492,10002923,认沽,2021-01-27
2493,10002924,认沽,2021-01-27
2494,10002925,认沽,2021-01-27
2495,10002926,认沽,2021-01-27
2496,10002927,认沽,2021-01-27
2497,10002928,认沽,2021-01-27
2498,10002929,认沽,2021-01-27
2499,10002930,认沽,2021-01-27
2500,10002949,认购,2020-12-23
2501,10002950,认购,2020-12-23
2502,10002951,认购,2020-12-23
2503,10002952,认购,2020-12-23
2504,10002953,认购,2020-12-23
2505,10002954,认购,2020-12-23
2506,10002955,认购,2020-12-23
2507,10002956,认购,2020-12-23
2508,10002957,认购,2020-12-23
2509,10002958,认沽,2020-12-23
2510,10002959,认沽,2020-12-23
2511,10002960,认沽,2020-12-23
2512,10002961,认沽,2020-12-23
2513,10002962,认沽,2020-12-23
2514,10002963,认沽,2020-12-23
2515,10002964,认沽,2020-12-23
2516,10002965,认沽,2020-12-23
2517,10002966,认沽,2020-12-23
2518,10002967,认购,2021-01-27
2519,10002968,认购,2021-01-27
2520,10002969,认购,2021-01-27
2521,10002970,认购,2021-01-27
2522,10002971,认购,2021-01-27
2523,10002972,认购,2021-01-27
2524,10002973,认购,2021-01-27
2525,10002974,认购,2021-01-27
2526,10002975,认购,2021-01-27
2527,10002976,认沽,2021-01-27
2528,10002977,认沽,2021-01-27
2529,10002978,认沽,2021-01-27
2530,10002979,认沽,2021-01-27
2531,10002980,认沽,2021-01-27
2532,10002981,认沽,2021-01-27
2533,10002982,认沽,2021-01-27
2534,10002983,认沽,2021-01-27
2535,10002984,认沽,2021-01-27
2536,10002985,认购,2021-03-24
2537,10002986,认购,2021-03-24
2538,10002987,认购,2021-03-24
2539,10002988,认购,2021-03-24
2540,10002989,认购,2021-03-24
2541,10002990,认购,2021-03-24
2542,10002991,认购,2021-03-24
2543,10002992,认购,2021-03-24
2544,10002993,认购,2021-03-24
2545,10002994,认沽,2021-03-24
2546,10002995,认沽,2021-03-24
2547,10002996,认沽,2021-03-24
2548,10002997,认沽,2021-03-24
2549,10002998,认沽,2021-03-24
2550,10002999,认沽,2021-03-24
2551,10003000,认沽,2021-03-24
2552,10003001,认沽,2021-03-24
2553,10003002,认沽,2021-03-24
2554,10003003,认购,2021-06-23
2555,10003004,认购,2021-06-23
2556,10003005,认购,2021-06-23
2557,10003006,认购,2021-06-23
2558,10003007,认购,2021-06-23
2559,10003008,认购,2021-06-23
2560,10003009,认购,2021-06-23
2561,10003010,认购,2021-06-23
2562,10003011,认购,2021-06-23
2563,10003012,认沽,2021-06-23
2564,10003013,认沽,2021-06-23
2565,10003014,认沽,2021-06-23
2566,10003015,认沽,2021-06-23
2567,10003016,认沽,2021-06-23
2568,10003017,认沽,2021-06-23
2569,10003018,认沽,2021-06-23
2570,10003019,认沽,2021-06-23
2571,10003020,认沽,2021-06-23
2572,10003021,认购,2020-12-23
2573,10003022,认沽,2020-12-23
2574,10003023,认购,2021-01-27
2575,10003024,认沽,2021-01-27
2576,10003025,认购,2021-03-24
2577,10003026,认沽,2021-03-24
2578,10003027,认购,2021-06-23
2579,10003028,认沽,2021-06-23
2580,10003037,认购,2020-12-23
2581,10003038,认沽,2020-12-23
2582,10003039,认购,2021-01-27
2583,10003040,认沽,2021-01-27
2584,10003041,认购,2021-03-24
2585,10003042,认沽,2021-03-24
2586,10003043,认购,2021-06-23
2587,10003044,认沽,2021-06-23
2588,10003045,认购,2021-02-24
2589,10003046,认购,2021-02-24
2590,10003047,认购,2021-02-24
2591,10003048,认购,2021-02-24
2592,10003049,认购,2021-02-24
2593,10003050,认购,2021-02-24
2594,10003051,认购,2021-02-24
2595,10003052,认购,2021-02-24
2596,10003053,认购,2021-02-24
2597,10003054,认沽,2021-02-24
2598,10003055,认沽,2021-02-24
2599,10003056,认沽,2021-02-24
2600,10003057,认沽,2021-02-24
2601,10003058,认沽,2021-02-24
2602,10003059,认沽,2021-02-24
2603,10003060,认沽,2021-02-24
2604,10003061,认沽,2021-02-24
2605,10003062,认沽,2021-02-24
2606,10003083,认购,2021-02-24
2607,10003084,认沽,2021-02-24
2608,10003085,认购,2021-01-27
2609,10003086,认沽,2021-01-27
2610,10003087,认购,2021-02-24
2611,10003088,认沽,2021-02-24
2612,10003089,认购,2021-03-24
2613,10003090,认沽,2021-03-24
2614,10003091,认购,2021-06-23
2615,10003092,认沽,2021-06-23
2616,10003101,认购,2021-01-27
2617,10003102,认沽,2021-01-27
2618,10003103,认购,2021-02-24
2619,10003104,认沽,2021-02-24
2620,10003105,认购,2021-03-24
2621,10003106,认沽,2021-03-24
2622,10003107,认购,2021-06-23
2623,10003108,认沽,2021-06-23
2624,10003109,认购,2021-01-27
2625,10003110,认沽,2021-01-27
2626,10003111,认购,2021-02-24
2627,10003112,认沽,2021-02-24
2628,10003113,认购,2021-03-24
2629,10003114,认沽,2021-03-24
2630,10003115,认购,2021-06-23
2631,10003116,认沽,2021-06-23
2632,10003205,认购,2021-09-22
2633,10003206,认购,2021-09-22
2634,10003207,认购,2021-09-22
2635,10003208,认购,2021-09-22
2636,10003209,认购,2021-09-22
2637,10003210,认购,2021-09-22
2638,10003211,认购,2021-09-22
2639,10003212,认购,2021-09-22
2640,10003213,认购,2021-09-22
2641,10003214,认沽,2021-09-22
2642,10003215,认沽,2021-09-22
2643,10003216,认沽,2021-09-22
2644,10003217,认沽,2021-09-22
2645,10003218,认沽,2021-09-22
2646,10003219,认沽,2021-09-22
2647,10003220,认沽,2021-09-22
2648,10003221,认沽,2021-09-22
2649,10003222,认沽,2021-09-22
2650,10003241,认购,2021-09-22
2651,10003242,认沽,2021-09-22
2652,10003251,认购,2021-09-22
2653,10003252,认沽,2021-09-22
2654,10003255,认购,2021-02-24
2655,10003256,认沽,2021-02-24
2656,10003257,认购,2021-03-24
2657,10003258,认沽,2021-03-24
2658,10003259,认购,2021-06-23
2659,10003260,认沽,2021-06-23
2660,10003261,认购,2021-09-22
2661,10003262,认沽,2021-09-22
2662,10003263,认购,2021-04-28
2663,10003264,认购,2021-04-28
2664,10003265,认购,2021-04-28
2665,10003266,认购,2021-04-28
2666,10003267,认购,2021-04-28
2667,10003268,认购,2021-04-28
2668,10003269,认购,2021-04-28
2669,10003270,认购,2021-04-28
2670,10003271,认购,2021-04-28
2671,10003272,认沽,2021-04-28
2672,10003273,认沽,2021-04-28
2673,10003274,认沽,2021-04-28
2674,10003275,认沽,2021-04-28
2675,10003276,认沽,2021-04-28
2676,10003277,认沽,2021-04-28
2677,10003278,认沽,2021-04-28
2678,10003279,认沽,2021-04-28
2679,10003280,认沽,2021-04-28
2680,10003299,认购,2021-04-28
2681,10003300,认沽,2021-04-28
2682,10003303,认购,2021-04-28
2683,10003304,认沽,2021-04-28
2684,10003305,认购,2021-09-22
2685,10003306,认沽,2021-09-22
2686,10003315,认购,2021-04-28
2687,10003316,认沽,2021-04-28
2688,10003317,认购,2021-09-22
2689,10003318,认沽,2021-09-22
2690,10003325,认购,2021-05-26
2691,10003326,认购,2021-05-26
2692,10003327,认购,2021-05-26
2693,10003328,认购,2021-05-26
2694,10003329,认购,2021-05-26
2695,10003330,认购,2021-05-26
2696,10003331,认购,2021-05-26
2697,10003332,认购,2021-05-26
2698,10003333,认购,2021-05-26
2699,10003334,认沽,2021-05-26
2700,10003335,认沽,2021-05-26
2701,10003336,认沽,2021-05-26
2702,10003337,认沽,2021-05-26
2703,10003338,认沽,2021-05-26
2704,10003339,认沽,2021-05-26
2705,10003340,认沽,2021-05-26
2706,10003341,认沽,2021-05-26
2707,10003342,认沽,2021-05-26
2708,10003363,认购,2021-05-26
2709,10003364,认沽,2021-05-26
2710,10003367,认购,2021-04-28
2711,10003368,认沽,2021-04-28
2712,10003369,认购,2021-05-26
2713,10003370,认沽,2021-05-26
2714,10003371,认购,2021-09-22
2715,10003372,认沽,2021-09-22
2716,10003373,认购,2021-12-22
2717,10003374,认购,2021-12-22
2718,10003375,认购,2021-12-22
2719,10003376,认购,2021-12-22
2720,10003377,认购,2021-12-22
2721,10003378,认购,2021-12-22
2722,10003379,认购,2021-12-22
2723,10003380,认购,2021-12-22
2724,10003381,认购,2021-12-22
2725,10003382,认沽,2021-12-22
2726,10003383,认沽,2021-12-22
2727,10003384,认沽,2021-12-22
2728,10003385,认沽,2021-12-22
2729,10003386,认沽,2021-12-22
2730,10003387,认沽,2021-12-22
2731,10003388,认沽,2021-12-22
2732,10003389,认沽,2021-12-22
2733,10003390,认沽,2021-12-22
2734,10003409,认购,2021-12-22
2735,10003410,认沽,2021-12-22
2736,10003413,认购,2021-12-22
2737,10003414,认沽,2021-12-22
2738,10003415,认购,2021-07-28
2739,10003416,认购,2021-07-28
2740,10003417,认购,2021-07-28
2741,10003418,认购,2021-07-28
2742,10003419,认购,2021-07-28
2743,10003420,认购,2021-07-28
2744,10003421,认购,2021-07-28
2745,10003422,认购,2021-07-28
2746,10003423,认购,2021-07-28
2747,10003424,认沽,2021-07-28
2748,10003425,认沽,2021-07-28
2749,10003426,认沽,2021-07-28
2750,10003427,认沽,2021-07-28
2751,10003428,认沽,2021-07-28
2752,10003429,认沽,2021-07-28
2753,10003430,认沽,2021-07-28
2754,10003431,认沽,2021-07-28
2755,10003432,认沽,2021-07-28
2756,10003451,认购,2021-07-28
2757,10003452,认沽,2021-07-28
2758,10003453,认购,2021-12-22
2759,10003454,认沽,2021-12-22
2760,10003455,认购,2021-07-28
2761,10003456,认沽,2021-07-28
2762,10003459,认购,2021-07-28
2763,10003460,认沽,2021-07-28
2764,10003461,认购,2021-08-25
2765,10003462,认购,2021-08-25
2766,10003463,认购,2021-08-25
2767,10003464,认购,2021-08-25
2768,10003465,认购,2021-08-25
2769,10003466,认购,2021-08-25
2770,10003467,认购,2021-08-25
2771,10003468,认购,2021-08-25
2772,10003469,认购,2021-08-25
2773,10003470,认沽,2021-08-25
2774,10003471,认沽,2021-08-25
2775,10003472,认沽,2021-08-25
2776,10003473,认沽,2021-08-25
2777,10003474,认沽,2021-08-25
2778,10003475,认沽,2021-08-25
2779,10003476,认沽,2021-08-25
2780,10003477,认沽,2021-08-25
2781,10003478,认沽,2021-08-25
2782,10003497,认购,2021-08-25
2783,10003498,认沽,2021-08-25
2784,10003501,认购,2021-07-28
2785,10003502,认沽,2021-07-28
2786,10003503,认购,2021-08-25
2787,10003504,认沽,2021-08-25
2788,10003505,认购,2021-09-22
2789,10003506,认沽,2021-09-22
2790,10003507,认购,2021-12-22
2791,10003508,认沽,2021-12-22
2792,10003509,认购,2021-07-28
2793,10003510,认沽,2021-07-28
2794,10003511,认购,2021-08-25
2795,10003512,认沽,2021-08-25
2796,10003513,认购,2021-09-22
2797,10003514,认沽,2021-09-22
2798,10003515,认购,2021-12-22
2799,10003516,认沽,2021-12-22
2800,10003531,认购,2022-03-23
2801,10003532,认购,2022-03-23
2802,10003533,认购,2022-03-23
2803,10003534,认购,2022-03-23
2804,10003535,认购,2022-03-23
2805,10003536,认购,2022-03-23
2806,10003537,认购,2022-03-23
2807,10003538,认购,2022-03-23
2808,10003539,认购,2022-03-23
2809,10003540,认沽,2022-03-23
2810,10003541,认沽,2022-03-23
2811,10003542,认沽,2022-03-23
2812,10003543,认沽,2022-03-23
2813,10003544,认沽,2022-03-23
2814,10003545,认沽,2022-03-23
2815,10003546,认沽,2022-03-23
2816,10003547,认沽,2022-03-23
2817,10003548,认沽,2022-03-23
2818,10003571,认购,2022-03-23
2819,10003572,认沽,2022-03-23
2820,10003573,认购,2021-08-25
2821,10003574,认沽,2021-08-25
2822,10003575,认购,2021-09-22
2823,10003576,认沽,2021-09-22
2824,10003577,认购,2021-12-22
2825,10003578,认沽,2021-12-22
2826,10003579,认购,2022-03-23
2827,10003580,认沽,2022-03-23
2828,10003581,认购,2021-10-27
2829,10003582,认购,2021-10-27
2830,10003583,认购,2021-10-27
2831,10003584,认购,2021-10-27
2832,10003585,认购,2021-10-27
2833,10003586,认购,2021-10-27
2834,10003587,认购,2021-10-27
2835,10003588,认购,2021-10-27
2836,10003589,认购,2021-10-27
2837,10003590,认沽,2021-10-27
2838,10003591,认沽,2021-10-27
2839,10003592,认沽,2021-10-27
2840,10003593,认沽,2021-10-27
2841,10003594,认沽,2021-10-27
2842,10003595,认沽,2021-10-27
2843,10003596,认沽,2021-10-27
2844,10003597,认沽,2021-10-27
2845,10003598,认沽,2021-10-27
2846,10003617,认购,2021-10-27
2847,10003618,认沽,2021-10-27
2848,10003621,认购,2021-10-27
2849,10003622,认沽,2021-10-27
2850,10003623,认购,2021-11-24
2851,10003624,认购,2021-11-24
2852,10003625,认购,2021-11-24
2853,10003626,认购,2021-11-24
2854,10003627,认购,2021-11-24
2855,10003628,认购,2021-11-24
2856,10003629,认购,2021-11-24
2857,10003630,认购,2021-11-24
2858,10003631,认购,2021-11-24
2859,10003632,认沽,2021-11-24
2860,10003633,认沽,2021-11-24
2861,10003634,认沽,2021-11-24
2862,10003635,认沽,2021-11-24
2863,10003636,认沽,2021-11-24
2864,10003637,认沽,2021-11-24
2865,10003638,认沽,2021-11-24
2866,10003639,认沽,2021-11-24
2867,10003640,认沽,2021-11-24
2868,10003661,认购,2021-11-24
2869,10003662,认沽,2021-11-24
2870,10003663,认购,2021-10-27
2871,10003664,认沽,2021-10-27
2872,10003665,认购,2021-11-24
2873,10003666,认沽,2021-11-24
2874,10003667,认购,2022-03-23
2875,10003668,认沽,2022-03-23
2876,10003669,认购,2022-06-22
2877,10003670,认购,2022-06-22
2878,10003671,认购,2022-06-22
2879,10003672,认购,2022-06-22
2880,10003673,认购,2022-06-22
2881,10003674,认购,2022-06-22
2882,10003675,认购,2022-06-22
2883,10003676,认购,2022-06-22
2884,10003677,认购,2022-06-22
2885,10003678,认沽,2022-06-22
2886,10003679,认沽,2022-06-22
2887,10003680,认沽,2022-06-22
2888,10003681,认沽,2022-06-22
2889,10003682,认沽,2022-06-22
2890,10003683,认沽,2022-06-22
2891,10003684,认沽,2022-06-22
2892,10003685,认沽,2022-06-22
2893,10003686,认沽,2022-06-22
2894,10003707,认购,2022-06-22
2895,10003708,认沽,2022-06-22
2896,10003709,认购,2022-01-26
2897,10003710,认购,2022-01-26
2898,10003711,认购,2022-01-26
2899,10003712,认购,2022-01-26
2900,10003713,认购,2022-01-26
2901,10003714,认购,2022-01-26
2902,10003715,认购,2022-01-26
2903,10003716,认购,2022-01-26
2904,10003717,认购,2022-01-26
2905,10003718,认沽,2022-01-26
2906,10003719,认沽,2022-01-26
2907,10003720,认沽,2022-01-26
2908,10003721,认沽,2022-01-26
2909,10003722,认沽,2022-01-26
2910,10003723,认沽,2022-01-26
2911,10003724,认沽,2022-01-26
2912,10003725,认沽,2022-01-26
2913,10003726,认沽,2022-01-26
2914,10003747,认购,2021-12-22
2915,10003748,认购,2021-12-22
2916,10003749,认购,2021-12-22
2917,10003750,认购,2021-12-22
2918,10003751,认购,2021-12-22
2919,10003752,认购,2021-12-22
2920,10003753,认购,2021-12-22
2921,10003754,认购,2021-12-22
2922,10003755,认购,2021-12-22
2923,10003756,认沽,2021-12-22
2924,10003757,认沽,2021-12-22
2925,10003758,认沽,2021-12-22
2926,10003759,认沽,2021-12-22
2927,10003760,认沽,2021-12-22
2928,10003761,认沽,2021-12-22
2929,10003762,认沽,2021-12-22
2930,10003763,认沽,2021-12-22
2931,10003764,认沽,2021-12-22
2932,10003765,认购,2022-01-26
2933,10003766,认购,2022-01-26
2934,10003767,认购,2022-01-26
2935,10003768,认购,2022-01-26
2936,10003769,认购,2022-01-26
2937,10003770,认购,2022-01-26
2938,10003771,认购,2022-01-26
2939,10003772,认购,2022-01-26
2940,10003773,认购,2022-01-26
2941,10003774,认沽,2022-01-26
2942,10003775,认沽,2022-01-26
2943,10003776,认沽,2022-01-26
2944,10003777,认沽,2022-01-26
2945,10003778,认沽,2022-01-26
2946,10003779,认沽,2022-01-26
2947,10003780,认沽,2022-01-26
2948,10003781,认沽,2022-01-26
2949,10003782,认沽,2022-01-26
2950,10003783,认购,2022-03-23
2951,10003784,认购,2022-03-23
2952,10003785,认购,2022-03-23
2953,10003786,认购,2022-03-23
2954,10003787,认购,2022-03-23
2955,10003788,认购,2022-03-23
2956,10003789,认购,2022-03-23
2957,10003790,认购,2022-03-23
2958,10003791,认购,2022-03-23
2959,10003792,认沽,2022-03-23
2960,10003793,认沽,2022-03-23
2961,10003794,认沽,2022-03-23
2962,10003795,认沽,2022-03-23
2963,10003796,认沽,2022-03-23
2964,10003797,认沽,2022-03-23
2965,10003798,认沽,2022-03-23
2966,10003799,认沽,2022-03-23
2967,10003800,认沽,2022-03-23
2968,10003801,认购,2022-06-22
2969,10003802,认购,2022-06-22
2970,10003803,认购,2022-06-22
2971,10003804,认购,2022-06-22
2972,10003805,认购,2022-06-22
2973,10003806,认购,2022-06-22
2974,10003807,认购,2022-06-22
2975,10003808,认购,2022-06-22
2976,10003809,认购,2022-06-22
2977,10003810,认沽,2022-06-22
2978,10003811,认沽,2022-06-22
2979,10003812,认沽,2022-06-22
2980,10003813,认沽,2022-06-22
2981,10003814,认沽,2022-06-22
2982,10003815,认沽,2022-06-22
2983,10003816,认沽,2022-06-22
2984,10003817,认沽,2022-06-22
2985,10003818,认沽,2022-06-22
2986,10003819,认购,2021-12-22
2987,10003820,认沽,2021-12-22
2988,10003821,认购,2022-01-26
2989,10003822,认沽,2022-01-26
2990,10003823,认购,2022-03-23
2991,10003824,认沽,2022-03-23
2992,10003825,认购,2022-06-22
2993,10003826,认沽,2022-06-22
2994,10003827,认购,2021-12-22
2995,10003828,认沽,2021-12-22
2996,10003829,认购,2022-01-26
2997,10003830,认沽,2022-01-26
2998,10003831,认购,2022-03-23
2999,10003832,认沽,2022-03-23
3000,10003833,认购,2022-06-22
3001,10003834,认沽,2022-06-22
3002,10003841,认购,2022-02-23
3003,10003842,认购,2022-02-23
3004,10003843,认购,2022-02-23
3005,10003844,认购,2022-02-23
3006,10003845,认购,2022-02-23
3007,10003846,认购,2022-02-23
3008,10003847,认购,2022-02-23
3009,10003848,认购,2022-02-23
3010,10003849,认购,2022-02-23
3011,10003850,认沽,2022-02-23
3012,10003851,认沽,2022-02-23
3013,10003852,认沽,2022-02-23
3014,10003853,认沽,2022-02-23
3015,10003854,认沽,2022-02-23
3016,10003855,认沽,2022-02-23
3017,10003856,认沽,2022-02-23
3018,10003857,认沽,2022-02-23
3019,10003858,认沽,2022-02-23
3020,10003877,认购,2022-02-23
3021,10003878,认沽,2022-02-23
3022,10003887,认购,2022-01-26
3023,10003888,认沽,2022-01-26
3024,10003889,认购,2022-02-23
3025,10003890,认沽,2022-02-23
3026,10003891,认购,2022-03-23
3027,10003892,认沽,2022-03-23
3028,10003893,认购,2022-06-22
3029,10003894,认沽,2022-06-22
3030,10003975,认购,2022-09-28
3031,10003976,认购,2022-09-28
3032,10003977,认购,2022-09-28
3033,10003978,认购,2022-09-28
3034,10003979,认购,2022-09-28
3035,10003980,认购,2022-09-28
3036,10003981,认购,2022-09-28
3037,10003982,认购,2022-09-28
3038,10003983,认购,2022-09-28
3039,10003984,认沽,2022-09-28
3040,10003985,认沽,2022-09-28
3041,10003986,认沽,2022-09-28
3042,10003987,认沽,2022-09-28
3043,10003988,认沽,2022-09-28
3044,10003989,认沽,2022-09-28
3045,10003990,认沽,2022-09-28
3046,10003991,认沽,2022-09-28
3047,10003992,认沽,2022-09-28
3048,10004019,认购,2022-02-23
3049,10004020,认沽,2022-02-23
3050,10004021,认购,2022-03-23
3051,10004022,认沽,2022-03-23
3052,10004023,认购,2022-06-22
3053,10004024,认沽,2022-06-22
3054,10004025,认购,2022-09-28
3055,10004026,认沽,2022-09-28
3056,10004035,认购,2022-04-27
3057,10004036,认购,2022-04-27
3058,10004037,认购,2022-04-27
3059,10004038,认购,2022-04-27
3060,10004039,认购,2022-04-27
3061,10004040,认购,2022-04-27
3062,10004041,认购,2022-04-27
3063,10004042,认购,2022-04-27
3064,10004043,认购,2022-04-27
3065,10004044,认沽,2022-04-27
3066,10004045,认沽,2022-04-27
3067,10004046,认沽,2022-04-27
3068,10004047,认沽,2022-04-27
3069,10004048,认沽,2022-04-27
3070,10004049,认沽,2022-04-27
3071,10004050,认沽,2022-04-27
3072,10004051,认沽,2022-04-27
3073,10004052,认沽,2022-04-27
3074,10004071,认购,2022-04-27
3075,10004072,认沽,2022-04-27
3076,10004075,认购,2022-03-23
3077,10004076,认沽,2022-03-23
3078,10004077,认购,2022-04-27
3079,10004078,认沽,2022-04-27
3080,10004079,认购,2022-06-22
3081,10004080,认沽,2022-06-22
3082,10004081,认购,2022-09-28
3083,10004082,认沽,2022-09-28
3084,10004099,认购,2022-03-23
3085,10004100,认沽,2022-03-23
3086,10004101,认购,2022-04-27
3087,10004102,认沽,2022-04-27
3088,10004103,认购,2022-06-22
3089,10004104,认沽,2022-06-22
3090,10004105,认购,2022-09-28
3091,10004106,认沽,2022-09-28
3092,10004115,认购,2022-03-23
3093,10004116,认沽,2022-03-23
3094,10004117,认购,2022-04-27
3095,10004118,认沽,2022-04-27
3096,10004119,认购,2022-06-22
3097,10004120,认沽,2022-06-22
3098,10004121,认购,2022-09-28
3099,10004122,认沽,2022-09-28
3100,10004123,认购,2022-03-23
3101,10004124,认购,2022-03-23
3102,10004125,认购,2022-03-23
3103,10004126,认沽,2022-03-23
3104,10004127,认沽,2022-03-23
3105,10004128,认沽,2022-03-23
3106,10004129,认购,2022-04-27
3107,10004130,认购,2022-04-27
3108,10004131,认购,2022-04-27
3109,10004132,认沽,2022-04-27
3110,10004133,认沽,2022-04-27
3111,10004134,认沽,2022-04-27
3112,10004135,认购,2022-06-22
3113,10004136,认购,2022-06-22
3114,10004137,认购,2022-06-22
3115,10004138,认沽,2022-06-22
3116,10004139,认沽,2022-06-22
3117,10004140,认沽,2022-06-22
3118,10004141,认购,2022-09-28
3119,10004142,认购,2022-09-28
3120,10004143,认购,2022-09-28
3121,10004144,认沽,2022-09-28
3122,10004145,认沽,2022-09-28
3123,10004146,认沽,2022-09-28
3124,10004163,认购,2022-05-25
3125,10004164,认购,2022-05-25
3126,10004165,认购,2022-05-25
3127,10004166,认购,2022-05-25
3128,10004167,认购,2022-05-25
3129,10004168,认购,2022-05-25
3130,10004169,认购,2022-05-25
3131,10004170,认购,2022-05-25
3132,10004171,认购,2022-05-25
3133,10004172,认沽,2022-05-25
3134,10004173,认沽,2022-05-25
3135,10004174,认沽,2022-05-25
3136,10004175,认沽,2022-05-25
3137,10004176,认沽,2022-05-25
3138,10004177,认沽,2022-05-25
3139,10004178,认沽,2022-05-25
3140,10004179,认沽,2022-05-25
3141,10004180,认沽,2022-05-25
3142,10004201,认购,2022-05-25
3143,10004202,认沽,2022-05-25
3144,10004205,认购,2022-05-25
3145,10004206,认沽,2022-05-25
3146,10004209,认购,2022-04-27
3147,10004210,认沽,2022-04-27
3148,10004211,认购,2022-05-25
3149,10004212,认购,2022-05-25
3150,10004213,认购,2022-05-25
3151,10004214,认沽,2022-05-25
3152,10004215,认沽,2022-05-25
3153,10004216,认沽,2022-05-25
3154,10004217,认购,2022-06-22
3155,10004218,认沽,2022-06-22
3156,10004219,认购,2022-09-28
3157,10004220,认沽,2022-09-28
3158,10004237,认购,2022-12-28
3159,10004238,认购,2022-12-28
3160,10004239,认购,2022-12-28
3161,10004240,认购,2022-12-28
3162,10004241,认购,2022-12-28
3163,10004242,认购,2022-12-28
3164,10004243,认购,2022-12-28
3165,10004244,认购,2022-12-28
3166,10004245,认购,2022-12-28
3167,10004246,认沽,2022-12-28
3168,10004247,认沽,2022-12-28
3169,10004248,认沽,2022-12-28
3170,10004249,认沽,2022-12-28
3171,10004250,认沽,2022-12-28
3172,10004251,认沽,2022-12-28
3173,10004252,认沽,2022-12-28
3174,10004253,认沽,2022-12-28
3175,10004254,认沽,2022-12-28
3176,10004273,认购,2022-12-28
3177,10004274,认沽,2022-12-28
3178,10004275,认购,2022-12-28
3179,10004276,认沽,2022-12-28
3180,10004281,认购,2022-07-27
3181,10004282,认购,2022-07-27
3182,10004283,认购,2022-07-27
3183,10004284,认购,2022-07-27
3184,10004285,认购,2022-07-27
3185,10004286,认购,2022-07-27
3186,10004287,认购,2022-07-27
3187,10004288,认购,2022-07-27
3188,10004289,认购,2022-07-27
3189,10004290,认沽,2022-07-27
3190,10004291,认沽,2022-07-27
3191,10004292,认沽,2022-07-27
3192,10004293,认沽,2022-07-27
3193,10004294,认沽,2022-07-27
3194,10004295,认沽,2022-07-27
3195,10004296,认沽,2022-07-27
3196,10004297,认沽,2022-07-27
3197,10004298,认沽,2022-07-27
3198,10004317,认购,2022-07-27
3199,10004318,认沽,2022-07-27
3200,10004325,认购,2022-07-27
3201,10004326,认沽,2022-07-27
3202,10004327,认购,2022-12-28
3203,10004328,认沽,2022-12-28
3204,10004329,认购,2022-07-27
3205,10004330,认沽,2022-07-27
3206,10004331,认购,2022-12-28
3207,10004332,认沽,2022-12-28
3208,10004337,认购,2022-07-27
3209,10004338,认沽,2022-07-27
3210,10004339,认购,2022-12-28
3211,10004340,认沽,2022-12-28
3212,10004341,认购,2022-08-24
3213,10004342,认购,2022-08-24
3214,10004343,认购,2022-08-24
3215,10004344,认购,2022-08-24
3216,10004345,认购,2022-08-24
3217,10004346,认购,2022-08-24
3218,10004347,认购,2022-08-24
3219,10004348,认购,2022-08-24
3220,10004349,认购,2022-08-24
3221,10004350,认沽,2022-08-24
3222,10004351,认沽,2022-08-24
3223,10004352,认沽,2022-08-24
3224,10004353,认沽,2022-08-24
3225,10004354,认沽,2022-08-24
3226,10004355,认沽,2022-08-24
3227,10004356,认沽,2022-08-24
3228,10004357,认沽,2022-08-24
3229,10004358,认沽,2022-08-24
3230,10004377,认购,2022-08-24
3231,10004378,认沽,2022-08-24
3232,10004385,认购,2022-07-27
3233,10004386,认沽,2022-07-27
3234,10004387,认购,2022-08-24
3235,10004388,认沽,2022-08-24
3236,10004389,认购,2022-12-28
3237,10004390,认沽,2022-12-28
3238,10004397,认购,2022-07-27
3239,10004398,认沽,2022-07-27
3240,10004399,认购,2022-08-24
3241,10004400,认沽,2022-08-24
3242,10004401,认购,2022-12-28
3243,10004402,认沽,2022-12-28
3244,10004403,认购,2022-08-24
3245,10004404,认沽,2022-08-24
3246,10004405,认购,2023-03-22
3247,10004406,认购,2023-03-22
3248,10004407,认购,2023-03-22
3249,10004408,认购,2023-03-22
3250,10004409,认购,2023-03-22
3251,10004410,认购,2023-03-22
3252,10004411,认购,2023-03-22
3253,10004412,认购,2023-03-22
3254,10004413,认购,2023-03-22
3255,10004414,认沽,2023-03-22
3256,10004415,认沽,2023-03-22
3257,10004416,认沽,2023-03-22
3258,10004417,认沽,2023-03-22
3259,10004418,认沽,2023-03-22
3260,10004419,认沽,2023-03-22
3261,10004420,认沽,2023-03-22
3262,10004421,认沽,2023-03-22
3263,10004422,认沽,2023-03-22
3264,10004445,认购,2022-08-24
3265,10004446,认沽,2022-08-24
3266,10004447,认购,2023-03-22
3267,10004448,认沽,2023-03-22
3268,10004449,认购,2022-08-24
3269,10004450,认沽,2022-08-24
3270,10004451,认购,2023-03-22
3271,10004452,认沽,2023-03-22
3272,10004457,认购,2022-10-26
3273,10004458,认购,2022-10-26
3274,10004459,认购,2022-10-26
3275,10004460,认购,2022-10-26
3276,10004461,认购,2022-10-26
3277,10004462,认购,2022-10-26
3278,10004463,认购,2022-10-26
3279,10004464,认购,2022-10-26
3280,10004465,认购,2022-10-26
3281,10004466,认沽,2022-10-26
3282,10004467,认沽,2022-10-26
3283,10004468,认沽,2022-10-26
3284,10004469,认沽,2022-10-26
3285,10004470,认沽,2022-10-26
3286,10004471,认沽,2022-10-26
3287,10004472,认沽,2022-10-26
3288,10004473,认沽,2022-10-26
3289,10004474,认沽,2022-10-26
3290,10004493,认购,2022-10-26
3291,10004494,认沽,2022-10-26
3292,10004569,认购,2022-10-26
3293,10004570,认沽,2022-10-26
3294,10004571,认购,2023-03-22
3295,10004572,认沽,2023-03-22
3296,10004577,认购,2022-10-26
3297,10004578,认沽,2022-10-26
3298,10004579,认购,2022-12-28
3299,10004580,认沽,2022-12-28
3300,10004581,认购,2023-03-22
3301,10004582,认沽,2023-03-22
3302,10004595,认购,2022-11-23
3303,10004596,认购,2022-11-23
3304,10004597,认购,2022-11-23
3305,10004598,认购,2022-11-23
3306,10004599,认购,2022-11-23
3307,10004600,认购,2022-11-23
3308,10004601,认购,2022-11-23
3309,10004602,认购,2022-11-23
3310,10004603,认购,2022-11-23
3311,10004604,认沽,2022-11-23
3312,10004605,认沽,2022-11-23
3313,10004606,认沽,2022-11-23
3314,10004607,认沽,2022-11-23
3315,10004608,认沽,2022-11-23
3316,10004609,认沽,2022-11-23
3317,10004610,认沽,2022-11-23
3318,10004611,认沽,2022-11-23
3319,10004612,认沽,2022-11-23
